avgDistanceTravel,userId
2.6389719775950975,1541
1.8459025084657357,868
12.894384758939703,114
1.557225260146228,1458
0.7175284743021687,1635
3.232138172263607,2033
2.5009533754241255,589
6.141279480390836,2290
4.02859645576759,471
1.5244365692081663,886
2.6192882341033674,265
4.9531935129902225,159
3.872965997358956,1390
10.589620989667749,214
1.7635011680390174,1240
5.180743777097622,1842
3.60509764107163,96
3.813761047904302,1876
3.336636410276519,499
3.4311220152391475,1206
2.431385560925836,904
4.786374811661087,1143
5.9991243370825265,1555
10.046335910849114,252
1.69732983152831,1895
4.133826922159624,941
1.791559319073479,1056
2.2710477537961924,1233
4.047016771422561,1222
9.241382053926284,1906
5.10810853510948,1552
0.7897913001096751,1386
1.3755567217340492,1317
7.494245561164821,2085
3.14663588365302,1064
3.3592616362502725,1349
3.004566046863813,1982
7.66177220948445,2060
3.645631383135686,2243
7.540625213589769,847
2.7700120621359314,1029
1.1107073736144124,1967
1.51460988222727,13
6.406559546277157,1964
0.9264830812012345,9
2.088227619014007,1965
6.011785682410053,64
2.8150781150416306,6
2.120454087905988,116
2.7967925012394708,1618
3.978241575311818,1324
4.424639113135563,1979
3.5421840866019094,610
5.486266838969105,2015
9.43781259721845,349
1.7083221401677953,2287
1.5853757200644947,1726
3.51792159488173,1928
2.3750526529437037,336
6.129747323060749,1379
1.517531920228676,775
1.6180572945267102,972
4.726952355338274,931
5.52739776634515,1746
9.268381295906092,187
4.9109201476935445,722
11.673824558757948,2023
2.9598930341001837,1808
2.744236056853586,135
7.092569541343516,1248
3.3008586608271178,1540
1.1499066007220249,23
10.936167220837262,1907
2.0845063890401176,680
4.796401386363239,1621
2.9511524779584306,1088
1.057587817068355,1790
1.3152185604180286,1701
5.194338705632181,1100
2.187664778542627,1961
3.5289055908982094,1320
7.29518682066297,953
4.187263065059914,113
5.89570828276639,2027
3.7289026601619395,2054
1.411478272787286,863
2.1251543260117716,476
10.135092516359057,1924
3.356759533973078,1844
0.739337098833168,41
3.900239416497505,2022
2.20913551362636,3
3.4744390123857563,2278
4.39054230080181,2011
4.158197085998682,627
0.9961347071414769,925
5.46477880123229,1132
6.762542942399276,390
5.499082462466945,1463
3.3049624089759133,1714
4.546391618552495,1384
1.7092415934714895,917
2.02784604459361,423
3.0035204583859825,1341
3.0407154683853377,207
1.4186123569833833,1497
2.7435146411849267,819
2.3238382592919637,1638
2.7470149453577952,1437
3.5179028651063122,168
4.081871220553586,1336
3.270264579721825,563
1.2697611412528014,2059
3.850918116348323,1690
0.9218764975572383,557
1.040401499255082,1241
3.180017350775636,2000
3.10724396072508,841
4.641293216533897,29
3.821652406476043,1327
2.651953957693917,1151
0.8804072580595063,920
2.939080057602862,2121
3.9140577407786994,1932
2.308307004636669,615
7.982917925761935,701
3.491744296304418,1474
5.521513220464002,893
1.8042824490167313,1611
7.896777266973251,1084
4.096015759123487,763
0.9522750529249177,271
1.5220645127774337,1663
3.1448852265824634,988
2.3610876724307195,1676
4.230591589879519,833
2.0640018897175074,300
4.731570775664541,1871
2.805815449365023,1205
3.0208057497580096,21
3.386746382418404,935
3.5282326753085815,644
4.581502620261486,1216
3.4172592103256263,1381
8.391086797886468,921
3.776200975478173,365
5.28176352410905,1640
2.119379127968144,525
1.3817203029053218,1412
4.582478572076036,1616
2.318528322051611,422
5.2670361752818335,2199
5.560889140486797,1466
2.2559121454641833,1887
2.572015703927606,992
2.608595533947145,1087
1.86453146567757,1481
8.84976811260539,81
7.848755008881895,1938
4.787284200988729,733
2.214771145038748,1527
1.8202805301163465,430
5.443487737154596,330
4.615094170216815,1937
2.2786534943602703,161
5.443929431790784,285
1.765812969654589,425
2.832129177791269,831
1.6580630371708915,822
4.224824172722968,1830
13.359794385292135,1884
2.66021977245849,666
3.562653433805172,530
4.223516740368622,677
1.9688054461622189,342
6.123953672398745,2250
5.329178382652854,1182
3.575189411589353,1917
4.65527528340804,1557
2.2749731071229675,2103
2.4940910905783102,1509
2.5342368862129137,2073
6.470346673740948,1519
8.109522053100182,1224
3.175147033772918,656
4.45984733878251,2046
3.81283356898467,547
3.044269952370702,1372
11.476384758853163,149
3.122605827637847,294
1.1848547117501331,1396
2.9240124832694567,1996
1.978911306734952,1338
3.342874635460185,1617
2.1341826711528773,734
2.0439302796863252,641
4.643198353874428,1303
9.52528945568698,806
4.055797286527823,1809
3.701621336835045,115
3.9171587216748214,997
3.190865208725451,1158
3.931836035187561,53
4.292525002689067,1699
7.291325067804353,1713
12.533120375507583,583
2.1560819705550722,1711
2.2583060664849355,2198
3.524449557175495,1658
4.379510968123041,1322
2.201894419957575,2212
1.0287713581894709,2284
5.146810085081863,1486
1.7087091416202211,1883
4.04157509399795,1388
4.073044385313694,1040
3.2836103042002858,1646
2.1580824382132944,845
3.1941528940465678,1916
5.201603309517205,42
2.2745988889211004,2258
3.6006275964018575,65
1.1657359154802647,343
3.399926571584323,1002
6.013318263976607,1796
1.5548674706455767,1480
5.0180943740966795,371
4.113307144916313,264
2.297687252345159,1693
7.5894004247128475,2164
3.5876754792223444,785
1.2477604845323242,556
2.5621469411204405,936
0.9001547317102494,1672
4.0156102790345845,1795
1.7393761706301,1941
3.236124328532859,955
3.19719445528286,2012
0.9239998999031376,1960
1.0458001223646864,212
3.0178466332499485,426
2.9234102618617874,482
1.5232771265186973,1321
6.384145859315327,86
1.358173559561271,838
4.306604020143993,2204
4.219507947508646,183
4.820451439151331,51
3.60620751987307,146
3.477618936223193,1761
4.24831955703324,1518
7.859944686077629,2156
5.401753772093282,1826
1.433913706146267,504
2.312945231531799,1913
3.1877756932530485,1267
0.9860715018061958,1323
4.014346590638727,1973
3.537743949656691,1793
4.145765937533331,358
1.437506173546206,92
2.599941376350307,1903
3.15553680959455,1309
2.1364360435593235,612
3.0837121515683723,354
9.072447263671856,1789
3.375955467125063,749
0.7920369415928683,790
3.240531230984129,1765
3.012156677151463,1217
7.162402656993913,1799
3.07321644359168,754
3.3391734647802833,667
4.970089869067245,232
3.581224871745491,1922
2.297855256981734,729
0.9636875289300361,409
6.050567243708656,655
2.7518171310785133,653
2.782619030848129,2
4.134247748134946,1352
1.7532218566326443,1512
2.1761048984111646,2187
2.701544471154253,1710
1.4536592935382708,1018
1.8691996111716003,2083
3.092268713720362,1462
4.447308551884872,1362
4.118855516381857,1667
2.7748867608148413,593
6.006258203524114,2260
3.0212632804287094,1190
5.802182849530045,1587
8.164487369895674,1108
1.639402025264604,874
9.970066902663472,2267
2.137531388737377,318
6.103513037246152,155
3.4915765759440824,263
3.401504468299613,1147
5.692024719572296,1828
3.869325016247595,1930
3.368480840383865,1007
6.444351255447523,1076
2.4049120193300735,1753
0.44528348661399464,1807
5.812143416825776,1402
1.9087694507422794,1346
3.9061484147982632,172
3.0714706423132103,1332
6.567512735629478,284
3.165465149543699,2134
2.327760807715029,1707
9.167037356714884,156
4.3284286979708755,18
2.6926266204181895,1471
1.7344087343503625,59
1.3365406321784867,191
1.2382081639056164,929
3.8865887754824193,1788
2.3642304239153784,1389
1.669544952881541,315
4.113863545468809,1387
2.9363356340486955,1919
1.5069831139091263,1296
2.5306479523648053,494
6.6655964877804275,1031
2.3368431686385933,324
4.631645072830468,1516
2.669152439362937,1999
3.250434092178253,1428
3.987280913662881,782
3.078534722696607,1912
4.966197773603148,1918
2.033762208774581,2167
0.8059813987969672,1086
2.3963139216434826,517
1.1545591371345454,1308
1.822823757596715,1745
5.867356623476966,697
0.715774229020218,1097
5.012008168268325,496
2.598574850741679,586
5.1004885603263475,1226
1.6991988310679835,1041
3.0149183428565,951
5.475849092694422,632
4.053365470479012,1987
5.391288741182802,498
7.220314361445211,211
3.510570185213932,2006
1.1240934752888716,584
1.3368321588182697,1989
2.266108343650319,1734
7.024037319554701,2026
2.85886910012477,1454
4.353515990841246,900
1.569112320084902,439
6.032288678409914,823
3.3081072600345385,329
4.65661824049962,1392
6.350733756783734,237
4.668022953020521,391
7.058980930315763,1880
2.746649106467198,947
3.0873518641668136,1784
2.480976163466042,75
5.992990984220515,1782
3.3405705198614037,1383
2.06834715674302,508
3.1853764321774283,1545
1.431761029586162,737
3.7845802365127477,1476
3.929770825370044,620
1.2476497838669127,767
3.6643576650460368,1416
4.929354654060835,1265
2.1436451330489144,1610
4.055107568721573,514
1.905927328339171,431
1.0422258763109387,1872
5.101293742143153,2218
2.0418028430108826,996
1.628287346130324,624
4.591470466581985,2190
1.175890778538454,2177
2.841685584298826,1161
4.033800303359862,1561
2.8256561516185403,950
1.3731546737441533,1357
0.6827348843589582,266
5.669784779168576,1550
1.0293735387542784,849
1.6328941235182832,27
2.5378200519036027,1650
1.1443248401995052,1677
2.8765711006242474,1089
1.4296725409620252,928
5.314390681535904,1360
2.894743830039161,2058
10.39054620970361,1210
4.661350896502174,1491
1.6641086988799874,2236
1.854664160969555,2092
3.7337128891422084,575
0.9222959906176578,1865
2.130223179628098,1877
2.6771492358602496,1861
7.978160953367235,778
2.889545266949646,177
3.024861410033614,1531
1.8013384846584912,712
1.2001599994627707,1231
2.8597186920345785,808
1.7761506188983098,233
5.229006110397597,314
2.40644427191281,458
10.459044536310456,1735
3.1724799993842057,2086
4.7401270409286145,1768
2.74770070050999,368
4.811516681013522,805
3.2105022003529906,2234
1.6816500605590867,1944
3.357941798789603,978
1.0529994358617845,695
2.4737357429872113,379
3.2408988486906054,1642
6.344749962740482,2286
3.7319722041924464,1411
7.311531123919827,8
10.413399599201819,837
3.6675194160055153,1866
5.029573070466874,250
2.603689829578047,36
1.9584447754647312,720
3.3942764188915957,452
9.665308103268883,1528
3.6754838330571595,160
1.086929463322003,1418
1.9772078956021037,881
13.41290736288997,2056
3.8143797777504536,1350
2.847290763482601,1853
3.9519774886250025,690
10.598242480144142,1847
2.310522355549815,1600
1.5999053796777662,454
2.4999638077619064,1974
6.061367112961231,225
3.189913351676752,960
1.9467540272244455,1329
2.933876203324626,1607
5.361384649617374,1514
0.8356695284000278,2262
2.9518898976175905,26
2.650028576726795,1505
3.2850382971731706,1042
2.5767761925081807,477
5.339934791843972,1070
3.2778151224783176,37
4.026232378418707,1027
4.52188679490923,1055
3.49431292854956,1106
6.873998657104025,1529
4.321465174629814,1643
5.048722486103294,1892
11.248039489772347,1783
6.171740062669097,1328
1.9250249008370834,1187
3.296165299502701,394
1.7726386680432773,2145
1.198366061436203,1081
1.4306937381356641,652
1.1370291967080017,386
9.909285632538033,278
4.3561770292370445,151
7.909081860538463,1833
2.223444614594665,1284
7.630206488028075,1453
7.636642025617879,1860
5.169731247271099,472
2.4642248221737084,190
2.3933605615523157,261
3.6987688091642843,948
3.1785404240221484,244
3.2769402434823753,963
3.0731191840922305,958
3.661160091554527,434
6.039963804744884,62
3.732100896354087,230
2.8363761217574317,369
4.34484462675269,1800
2.945262462480208,1012
3.187579784327004,770
4.593050532273377,1801
3.030228211171001,2112
3.3942169024483473,435
2.8714200927396107,693
2.585432664486478,550
3.592560375270998,192
4.834848755533952,299
3.566104402930324,1729
2.37179836738679,61
4.3127479997142935,970
5.542839167447001,2151
0.8696534326331603,487
4.398930474798497,1931
4.850974465853566,456
1.263642093065534,725
1.9049271869379854,63
1.575155651178517,507
7.329021487824206,280
5.2172462566799735,2070
2.054269071976232,1092
1.9538885079479236,361
2.4718577203457284,1096
3.3975113639989356,55
0.9066499811814522,741
2.738818379415205,87
2.3460975180270243,519
4.044175108600038,1822
6.033220359485518,69
2.9439568245186734,957
1.6488026359674546,1891
2.8679160024167794,2043
7.068184105758173,1905
1.1850143389491896,1851
4.048430034764973,1013
3.7607301935516575,1957
3.0460250505347606,1283
4.199909939647753,2037
5.87469648061161,1585
2.602893323867157,2110
5.7222081995024645,2150
3.6611185018549515,2235
5.450721407908867,1821
3.7721805206550503,885
4.197678057215646,1325
9.922336112351926,1535
1.665730307315398,17
2.947573121293979,728
3.9229009260868635,197
3.0798901296518904,1405
4.365656995120435,67
3.374302672253503,1066
3.6287482413667256,219
3.015908943224479,492
4.492286079976275,1021
3.234098294660762,524
5.494807378344735,109
2.977088634090601,236
3.047041137610735,1441
3.3659597349194375,325
3.0649676555127288,449
2.3389465333696178,1648
7.3556024057610525,392
2.6109300228257917,418
3.2649490638844547,1020
4.513801262631836,397
4.180139747434138,200
3.7553932455850143,1246
2.7308558137439767,1772
4.784711352697962,2115
2.1408204471709786,1819
5.403470036625894,2087
3.580030932801373,1499
3.3057676418565363,577
2.0692334822682827,2153
2.5042602589451466,1304
1.9091287981816336,727
3.3507284470598577,2125
8.424673750108754,869
2.6657869657896027,1737
3.0732283664600253,781
3.2721159146974474,2211
4.382933257304841,465
2.3867114202653554,804
4.169891757011782,502
3.940304405403142,682
8.691268801321963,2158
3.434279132179685,1988
5.575715280002075,44
1.6428161375340982,1537
0.6920290557174232,700
10.69989281979494,2214
2.4934692390106035,1995
5.800089990884044,1678
3.8204019966637692,699
1.0789595019925053,1774
5.9971301866242195,689
0.828920748434243,144
3.6104952026207187,175
1.8047337946901005,1492
4.275301944777138,1740
4.951654658772103,503
4.6627292013676005,1733
1.643976772984009,1427
3.2529393633898365,410
3.144203121701597,2020
6.509112622379095,1162
3.6909259106274503,1079
4.314923825109656,58
4.10687924177394,1578
2.1821190434721887,839
1.415984225368277,1722
4.298698294075262,1189
3.7764192900597897,1743
5.526600763707475,1766
2.2035256193208403,2062
4.225523406579005,2077
2.474311684055516,444
6.548308309107026,461
4.328614353294089,322
2.965975401695192,1120
2.901948357166525,1393
6.33114927901322,2259
3.4818249901380733,1134
3.2344093017814917,1836
0.9778484091107571,1062
5.045293177874986,1950
4.077105327321723,599
4.108287679477789,1010
1.91367745553653,1301
3.4356539413793454,779
4.964101094491081,138
2.5507760462176736,2035
4.406395051066449,2116
4.267730455037177,1060
0.9321407805380009,650
3.1705662058021713,721
1.297029307580532,2140
5.147267176709615,516
0.9598972984887661,287
2.7375214042391898,375
2.9635587496800064,1811
3.1425910052134474,179
1.2059570834492577,1251
3.48256521415894,619
2.163364148713387,2217
2.852676520870058,756
3.65123163825262,1767
3.065987792251275,401
4.610159554145576,1123
4.671879347788487,357
3.149551867367264,60
7.88162442332241,549
2.6394987299955286,1367
5.263059446971945,1881
3.5645509505184716,2273
2.9750143187839053,1706
2.620627007125241,80
6.061584716844122,1268
3.495034779094769,1738
1.9849598197426734,2034
2.788323733009096,753
4.402000153442126,1477
7.453216568397972,1560
2.5620346707467694,1547
4.662375877611019,1595
1.4239223638025074,221
4.019263146297427,2274
4.519277690945341,1370
2.8910895582519065,867
2.7933137893938356,766
2.6820425212226953,455
1.4014368162129527,1685
4.420900390047784,2109
1.5221083675518476,663
4.066107302177826,459
1.5924531649998814,830
3.38392265672126,1255
2.6663337250656816,2090
2.7428014807330974,2163
1.2091316662852336,1103
2.150136790197951,70
2.2492477110793443,1697
1.3547722706006382,626
9.97233920812506,2179
5.669118761522284,40
1.62771028075351,1302
4.897519612019956,275
2.765062133393908,686
6.598660491835891,100
5.730821734854182,616
3.861805361592784,515
3.5739527223302794,591
2.8515123280444428,698
3.329239114770375,1354
4.145050654242519,560
9.735629975838211,118
3.9089465353211046,199
3.9021064535823804,1400
3.966972645284568,1058
3.433033729857324,321
1.2686498841963514,1723
3.913024881681712,399
2.8329040063818915,943
4.068072783285785,746
4.090034298905591,393
4.431070402770573,559
1.736480142113253,991
3.5771552490021508,981
2.0715643892196125,1581
4.179104492179548,1622
1.8086650057256972,2240
4.905889315592407,1468
2.063989104640168,1504
3.7732094948261,1634
4.659722592641879,478
2.7128133006663484,1608
9.0683405756248,827
4.905424945359876,784
5.606674121458227,703
3.5008669591136354,2280
3.0572956719832654,1751
3.0637745630182724,1893
4.494618509585219,105
3.2818486243743594,1124
3.883355317843114,1119
1.2242830776093974,112
3.897570799946531,611
6.975829588039254,268
2.1287292889885436,1445
5.97144797921765,1605
7.446660657181886,1538
2.593017895166189,1464
6.388630645304393,432
6.979276464019793,2288
6.31097811209521,2241
2.830566632534537,1168
2.6944235320526926,848
1.4352370644760988,2036
2.570519808573284,834
3.822208678098607,1736
5.706068415125016,148
4.409193760257547,1856
3.146409927013432,757
3.488783599776677,932
4.2118491653462335,2154
9.655719425268932,189
3.281273511947597,2282
5.977930644706702,640
4.390723218725553,889
5.0769211213147765,54
2.413746015889122,253
3.1500900194062007,851
2.0865394832756454,544
5.94254074051731,1074
5.304758694655491,2127
5.901583749100566,1033
4.937649256794336,538
2.9799392785653898,752
1.0639766577911716,1223
2.949025404461316,1343
3.7230590996691078,587
5.274097775850595,1377
5.411974903226339,173
2.3230529265356097,1962
2.156872307553429,1368
1.2545073695596944,1798
1.382058758264014,1340
5.133721657951384,363
1.7302468928601482,2039
1.7216344483206791,141
5.7327026238472785,1815
1.8380272711605339,1647
3.2286301122676804,346
1.8630054276306425,171
2.384974390912051,467
4.423153556484133,1330
10.685730111190011,1970
3.7542057619666642,1127
2.6428752974160012,1792
2.3571164399620765,1954
9.701339099598185,2275
2.9077566713314447,2030
5.195398853360606,1493
2.68581574774424,1823
3.6462905952001394,2031
4.33394406915575,1573
3.9446672986791937,1703
3.1518912408930384,807
5.769361023918424,142
2.544261716416355,1873
5.233870105291269,526
3.7115350620860106,1192
5.40463226213466,1047
3.6482665430130043,272
2.8737292389443705,1318
1.2206975393273474,1220
5.969404957547184,1564
1.6717779008150215,119
2.2743773559863643,1869
7.722401844668693,2174
5.143427047225776,316
3.206493385018297,710
6.005527324376371,1429
1.9711130143232871,1026
4.57056620506295,891
3.3462976772822923,1156
4.0946754971276516,675
3.1497206089055227,812
2.8191182733332174,227
5.328054216699945,339
3.0304943948447725,1008
1.997557297998309,427
0.7791519096194195,1045
7.662903094658533,1264
7.006514507943549,2028
1.0131981763253157,1580
2.5864553711830056,201
4.469135388718868,311
2.9727320304865303,176
1.812954724293395,704
3.3828183855236706,91
3.0996192677057532,1812
5.135687550293138,136
2.1542820647504812,965
2.090131244537358,2184
5.467918940554599,2254
2.681335850641899,707
2.583945546336196,2041
4.08578086741369,1673
3.795941103581784,2044
3.576836448561948,493
9.052486747510589,307
3.3371888028387984,485
2.604106796759862,743
5.07651426289241,481
4.499842706320143,1333
2.9400150955566917,1942
3.617997103499733,1299
3.976416151357425,2257
6.886685259117619,326
2.541219286866122,229
2.803663504421399,1590
3.305723455461062,1035
1.315256748170387,56
3.6186325794865275,1517
2.6032478010910483,1104
4.225508782441127,789
9.37825339784277,919
2.74192568704448,1260
1.410129221513322,1152
3.3964553899176773,543
5.195109690492887,908
2.669525197899813,1945
3.8061285875323647,1244
6.599742391662418,2129
5.642377639778944,1875
3.468979391677268,1582
4.437349307104881,2018
3.5723888608898093,820
4.423498473830686,777
0.8750112944027687,128
6.053677320541982,1082
4.9545908655338105,364
1.6099773013137093,609
1.1797680372535069,14
6.36946350941787,1968
5.518296455090438,1565
8.581397703725653,2252
6.041991511626386,1940
4.694445589901626,95
5.307965802636749,961
5.079494861077787,1925
3.5867508080385444,429
2.1818376611298014,2263
2.790927834823116,1763
3.222926557392985,279
6.212348500775016,443
2.091113832710322,882
3.9690500401016138,895
4.956113336832014,1983
2.1438326274783113,910
2.7634843863512804,242
0.49687248239498444,2186
5.744167390891931,123
3.1588125698553364,133
3.1596325748725778,669
5.801793976139287,795
3.4723580316355602,934
4.985398785943124,576
3.2378299684834744,267
5.93365402674639,773
4.1948826431595805,99
3.1471056041549086,842
2.084224961780334,1837
2.992697728755782,600
1.9496413149101457,25
5.386847239251877,1503
3.815212773026597,303
2.4010582090261803,1004
3.253399087817902,1629
4.316343485212884,939
4.6032735400297735,1142
5.393227976456945,1195
4.288963335850872,2068
9.172124778917638,1098
6.4437781921379775,534
5.853153634474626,249
3.6788435003769493,761
4.450151160661066,254
1.6837025754450918,1679
1.9620399307269625,1410
5.431792352570733,824
3.062520293122971,1805
6.916592987387178,1952
2.837343310510905,1948
6.2945626572342315,715
4.5045109235739105,977
3.356748004322996,645
3.540931842743841,1530
1.1371907012448286,104
1.562291567120505,578
1.9349855659987893,2189
3.1661789449959183,1395
6.406051312202724,1813
5.3332553464198975,1335
5.347119896606131,1543
5.535236159430161,1050
1.8680236442124907,1963
6.999972269206168,446
5.1875703481031845,909
8.144901462831736,500
4.481576344292406,218
3.119260648324016,417
2.1108023744955933,2224
6.340058415256415,2247
1.955381767613057,974
3.6340927969590275,621
6.4292095467317925,1855
2.517056000821935,1908
2.2885241202956363,579
3.6691363437928866,750
0.6937157374089747,1036
3.3968007250134113,864
3.5755960139446046,1461
3.636645338216098,685
3.220179358053036,309
5.787472978313261,1939
5.507317551521558,412
4.427755306534866,857
2.6761347384720584,406
2.976758305050434,888
1.004773638465158,1665
2.2851971843621315,497
3.6331971711224904,1958
2.043607569702537,1933
4.81541698720233,82
7.096847878521117,1117
3.0333245484642446,1671
6.245216674111167,1739
6.996553082171392,2100
1.6690624816423651,181
5.117343894248725,238
3.8050577125997203,2042
4.053732377371218,90
5.7622292926730685,1681
1.9661847308376688,553
4.09790660443543,2197
1.7055151666842314,571
6.5386106910232344,2207
1.49581687804404,875
1.824928832756114,1689
2.501031205017638,347
2.36958606920905,2120
3.6818337744431164,511
2.4035071407676685,1794
2.1916926102103185,52
2.093422828824526,2128
4.969479994490466,2239
3.943211011078453,643
2.084132656613062,1953
4.873372279798396,11
3.0741884709900975,241
3.5019247097365636,832
8.051483538912665,736
3.2496422501719566,1450
3.509429952108156,1398
4.415525638345948,1771
4.268299299740891,739
5.372681784403603,1532
4.342555629760228,93
4.092333294479984,635
12.143988351476548,1742
2.8937719032798603,1980
1.4437836385018585,403
4.785108454179596,1628
5.1768286307521025,1879
6.3418918691163695,1687
7.700691469285689,1180
1.2279855484181497,2161
3.0973745055737503,127
1.5875443311908775,2021
2.7578939395185658,1542
3.274495383948717,1016
1.0266379999416837,1154
2.673210006162103,618
6.694015649151722,1623
3.8818725538666996,1575
4.724150968148443,2270
3.6529264835365542,1290
1.9520807063019845,1273
2.0393284977509696,1951
3.025590018437929,1604
4.847358128546953,20
2.85274554032134,1921
6.199335689581314,1894
6.681160303120634,130
1.4455457902472826,1839
4.1309994018153215,1802
5.538835438677454,2226
2.5351811632364045,1899
3.4894956255937335,1613
3.0689570782106967,1135
9.102650781471475,1242
1.4350744604180037,319
2.9471907324882243,1166
4.3221793608902335,276
2.715657898124486,2230
2.6559821648614603,210
3.0368891862476133,1544
9.619570401108046,1633
3.1138021790737076,94
3.64967404870522,1054
2.430369691263004,490
2.6473370393317346,1188
1.527510386067042,1254
2.6216179965963504,1399
3.271928819358494,1534
5.441689778651934,860
7.882852829371473,1051
4.184658969815757,702
1.9273836261749209,628
3.7451347140482274,595
2.652858136009766,540
3.2221492310502926,1653
2.446463337502844,2173
2.1726163950532555,1846
6.655322193368629,603
4.487249060936418,1885
4.13978093565571,1659
2.933330552838235,1116
5.550865191331191,1593
1.2473788231108356,1770
6.406424441377801,1498
6.415124257584075,1243
8.318255063483111,1214
2.9697341046431416,1228
4.150718524722951,1001
3.712556900984222,651
1.0162692377815363,1239
1.6564645799259827,157
2.8328671795391878,1845
3.5046454132332716,184
5.560245622374104,2292
1.7310545569788267,327
3.4369758118142903,937
3.298287466865828,1067
5.101134341809207,892
1.1922678822402484,464
3.578358022363516,420
1.8607978980588153,713
5.258145256019403,1434
3.2942061816728705,2101
4.219188583903687,306
7.213474282835655,1946
6.554496755663606,1452
3.2468355734834193,774
8.41334933831911,486
6.047629072479009,372
4.061292046095278,143
6.195218661182184,1358
1.8429044190614154,788
4.7654997229450435,670
2.6639987142966866,1978
2.3027125818271306,351
2.3481812799024975,337
8.593784927398453,362
5.6883565484816305,1374
4.706090723530092,2049
2.711146745956804,1285
5.992422142544616,1549
3.3188302540103525,378
3.3743183528245817,1708
4.774495013369327,688
3.364728134690355,2067
1.9782403575020797,2130
2.345140502234259,259
2.988950003733883,174
1.3755920665062378,1175
1.1549606361386737,1298
1.7737099157366016,50
6.692545485279083,1599
2.955279895854684,1160
2.053480781711921,247
2.669453887357961,987
6.2186485712121,1069
2.9845970341899513,2072
3.2162932403305624,374
4.150411859231395,1510
2.760401405821157,2082
5.88973302180179,48
8.399721056784937,182
2.6492781738783204,1803
4.444586933621907,523
3.5988954991776785,270
5.09768349617089,717
4.7944886700521225,1090
3.430236527293,1603
2.224303940076322,1068
2.912521657427932,1878
3.212010464082981,15
3.929805605059637,1720
3.4938289386256445,505
3.819431264923754,982
2.171554227694189,215
5.783620494028001,292
4.898181940982089,1490
3.5661461079957655,836
8.646005576844424,574
0.3085275611946085,1110
2.4804712490665146,366
1.1468396580799411,922
3.078766180663384,1909
4.507206245647885,1888
3.8569292533447586,376
2.501134117772057,1563
2.7140504869807964,2093
2.5306435189793324,613
3.3742934022274054,884
5.5485644007179005,2061
3.077995266654281,844
1.6327643142987378,942
5.712046844409996,637
0.7255030909238657,1760
6.855853453431716,333
1.4897653324418736,835
4.756462650851423,111
4.354327837113611,2271
1.9953712086912296,1849
2.5672955060497897,1553
3.125933805097746,320
4.608040610356162,1034
4.26026419157364,415
5.122486268234523,2245
0.4962144049864599,1128
4.216435337757785,569
2.1534475466304257,568
3.5615048083191003,879
3.8464962063392414,771
0.6671252277658255,520
3.675122951355214,97
0.7950013081225229,1586
2.9894076272021417,596
2.8349503625394785,1121
3.366985691591424,120
2.5834164938025896,2238
2.820632915687137,1716
2.7291720686698944,470
5.983790811773613,1451
3.3988216829134092,1949
4.7574090662662485,413
3.4463081173381576,282
1.039659886378301,968
2.8396173272069,545
3.300685011023486,377
8.096150536928926,147
3.126846189137483,1652
1.662429591817507,1501
3.4229741309102937,1485
3.218982358871871,532
1.894964679452345,606
5.299912600499653,1508
6.866056407562143,966
4.442920129209894,194
4.6680987492008565,1889
2.5713108470689083,1046
7.658006951417253,1998
2.6496330539466064,1896
4.252997411654526,1366
2.085648996665212,2108
6.9066587716647145,708
7.785398754319862,38
7.69300283885401,2019
3.939779241299829,2268
2.311554786724503,2233
3.2908074100789033,2213
3.9551063752214755,1754
3.945332040819807,186
2.2289961956936506,901
1.7108599394150776,2272
5.248010519024178,1136
8.529378963310315,1112
1.0584331999707965,4
6.002925619881926,998
7.194216001993538,1417
2.9957604099775224,1234
1.5929610850581908,1867
0.8923639453763381,1380
1.6226503886843147,2171
4.621321290154373,2017
2.9743168094368,975
4.923302290390901,811
4.588695268777699,2069
5.767114369334498,1959
4.446743309823211,389
5.3636831451790385,1150
3.1089195788805033,692
4.505132173760518,2005
6.151039339846042,566
7.361783301772292,1339
1.7319875052919715,2094
1.9709081675144084,861
2.0275406416989146,2182
1.482896788147533,367
5.924764558216509,1063
3.970867096852623,1364
2.7858789160385484,1597
1.6330565893283564,709
3.0456907533853936,83
4.583549467221774,355
3.545151849717573,1133
2.1714409269821013,474
4.146130162903789,495
6.8598815307812595,1882
7.176346849023964,2137
1.7292369772432332,1758
3.851742865916198,1923
4.739389871497594,1085
6.004592101223328,1286
5.771374924434028,209
5.134439592379886,442
6.537293486471398,245
2.7912956518149743,1572
4.838493262167419,1728
2.67991160974699,1574
3.2025837065309757,1157
1.0785125336226506,1289
8.21587412139745,1421
4.165297358410716,760
5.518060159545414,1926
6.6430567303117165,980
3.474904001618716,1741
3.9659625843396076,664
2.386652782095279,1955
3.398548970349241,985
6.482978744047912,1334
3.0970330402632533,2057
4.840793229760061,1779
2.8595831771189064,150
4.679898296094167,2008
3.658969509912467,1030
0.7442364174427998,1275
4.496046051624057,1862
3.4385791033043764,590
3.3650250202200835,2170
2.1174069096338783,295
2.414246001127981,1111
3.5812496432744263,1969
3.433571243796588,602
2.335771312602703,2123
5.20891801298065,1691
2.816475729608648,1715
4.096176325567419,730
2.682064161146738,217
2.5634386809754504,1632
4.428131038709708,755
4.597152900618043,164
5.6789348703868265,954
6.41051813982634,1369
6.1470620323386935,976
5.101313365094341,1061
3.0156298715331054,2231
7.453498645224726,101
1.7302033218179824,555
7.038658087933711,2079
3.067075288180934,1470
4.13319745632312,122
3.8382149435013697,341
2.128153575201153,912
4.61268478084945,1153
3.4419337686726377,654
4.233545322078215,228
3.5843155187276516,2144
5.02290803572032,7
4.830234948459201,335
3.692965466652989,49
2.945085890045567,1755
2.558571195955674,1449
2.7223346673711304,117
7.751129025550295,2004
3.989900842007739,216
6.3731736634689815,1348
4.252176916931141,906
4.964626598349938,1546
2.687376628695679,140
2.8374221375100044,801
1.7926955839093006,469
0.8960381364743504,283
6.04327231289164,2099
2.9314968988535948,491
3.740088466715871,288
2.6783657535092242,1776
4.234557651798067,1000
2.9658605378858454,220
4.068543528601892,286
3.459234984044056,387
5.546960355332815,759
5.407749771673868,1196
2.071186727013168,139
6.658868897344246,1936
3.366402779684759,810
3.653756495269062,1281
5.068618861449884,1890
3.2290701075336976,76
3.383412968039436,2155
2.819637705146487,1247
5.223159357118472,255
3.72133129630712,2281
5.662810086943708,1478
3.216519151170782,305
4.179682191047596,239
8.404500877982045,565
3.2381444664255445,2010
2.995463712481108,1219
2.365660909792242,2007
7.484983329144617,1523
3.92806484587478,1279
2.6445611716008077,762
2.051869726401927,518
3.1765576162709737,2264
3.241834335052064,68
1.519189423992901,235
3.7851597894639877,1375
3.6460352661697066,1314
2.086210939460141,2176
1.7653032721015887,1859
3.5661481174018554,262
9.710439509345974,672
1.5100562826684096,2216
1.812246767738829,78
2.731042908411049,724
5.803993547418578,1692
3.442802436584869,780
3.1087068342764477,1204
4.30881495084766,1044
3.5684765166948087,913
6.597064678884529,1288
3.906182305634107,340
7.035925916266631,39
2.9913338127692564,1295
3.1571660897066995,2114
1.6450326927377716,1
3.1520525667467187,1854
4.358840752523732,956
5.333806978112454,751
3.7780184716430236,1006
9.165700142311294,1904
1.952314156630812,398
4.7630606145915,2055
6.224742461630073,1834
2.8532545315343905,594
2.3807303937253517,1835
1.872729146336434,1718
5.86347266907709,995
2.0564449455076694,1864
4.706689038248876,548
4.891948337561703,414
4.364469557276677,2016
7.346992115269755,1446
4.925623106073969,1165
6.486717160386147,2080
5.89572628546548,2209
3.404263011333733,353
1.6590267053902408,1897
2.9742098455980126,1025
3.331652745518527,1570
1.9939957750864383,1456
3.991060222134388,360
3.2354089883015993,1139
1.998572667731293,898
3.8489669341868202,1985
0.2687795376767951,521
5.709600684691167,1091
0.8927131070026175,257
5.003219978179194,887
2.546529907906887,204
4.349028721132136,1171
4.384364404576672,258
5.446660146511781,1624
6.323722436125941,787
1.5947744915431086,622
4.785763272221241,1408
4.415122433640379,1502
2.029372538021045,1744
4.176902758429005,2228
5.505983951329148,927
2.2036106985937467,679
5.049910221953713,1250
4.804688566872798,1975
0.6855863347673294,121
5.917805417477441,1115
2.4535420117953124,2242
5.9274184248603,370
2.726008066708307,2227
4.901162065816606,813
3.938286226981194,552
5.01071353764752,2169
2.736544784878653,786
6.425304338516987,1163
2.393077621423031,88
2.2576808512697686,1065
2.942815066040541,296
3.3779960337079897,899
3.1448614032459696,573
7.983861369407829,1075
5.621182696004083,607
4.229299992756374,134
2.544596094218592,1159
2.322997784022693,1270
1.2929625382758867,905
1.7018803446603492,445
3.370792468534022,1797
2.058030289207327,1748
2.2326317778385207,798
10.208727581846018,1174
3.2003710629033884,2143
2.457232860226164,1756
2.8007167812258675,2111
7.215034436269392,2160
4.310900898604482,334
3.383109155256845,1971
0.7940242059848949,1101
2.462371843796411,2146
4.186850335560602,986
2.3269633351041947,460
2.353548114376109,46
3.5946874558351953,2220
3.448314818340707,274
4.53241818827065,1539
2.7626629061176278,484
3.730328617431086,1886
2.6182367288447685,802
11.776405406898197,684
0.2375426118758536,828
2.9466443405121843,1651
6.893084184904259,2200
4.164721018133162,208
3.5825221367685263,1786
3.7691269522163733,73
4.241205255960461,1356
3.5292246754956103,2149
4.066568707349793,1832
2.4436763841043785,1977
5.676256892874312,2210
7.114289117565808,256
8.349813218368793,673
2.119767110973287,2147
3.0416319435277557,222
4.584002068957449,2168
4.912901389288423,1460
3.102325259236031,1594
4.5175233756007565,297
2.8502108693397328,558
6.345058182145765,1028
1.5275373122012286,1515
4.965902925225053,312
3.1534967906223237,1596
6.360141506374641,962
3.1895068187524256,2165
2.1490119306984554,944
2.7327964646198755,598
3.8734357192899056,1211
4.418502674216111,2180
4.364694877481801,1413
3.6058311820889837,2201
4.672719927687396,382
9.234236074852989,2126
5.375039579867263,1419
1.853818321013615,441
5.860271327073284,404
3.00616906634732,1915
2.2913737778604193,2071
5.350381958762788,855
6.55920458063751,154
3.145721297537121,1005
2.949762183382032,732
7.084841604521215,2089
5.205193255478297,897
2.1418896964800047,12
3.1507559213842096,1347
1.5863724481995964,77
3.2744060162484963,1107
3.381159859825084,818
3.411197484294529,748
2.7883451721450223,2246
7.507042547237871,110
5.665525088614471,2203
3.604150747644246,1080
1.986343563299583,1293
5.01375461394083,758
4.633283006119249,1191
2.0586347827605795,195
6.6696010810492385,107
4.506215858734958,1759
6.714880732093362,2206
4.34971162893444,79
6.086746517466012,1077
2.3197142454023663,1696
3.0679999415255623,289
8.035736348936146,33
6.628989183163656,633
3.047228274549725,2048
3.0685730560943076,373
8.055137165293251,1620
1.9215648323223828,1730
3.2450253828957725,129
3.1618259446703356,1791
3.3695471478443926,2052
5.524592571860969,1725
1.4991705221952973,2024
3.3435023405536533,2131
6.1403207886603335,592
4.155117122564219,747
8.63300714373597,1993
4.248038521114831,1868
6.524765519723308,711
1.834083381124303,479
1.8723205956827438,564
1.2256879783615644,2142
3.628211003312448,533
2.6105120940812547,914
9.91413566107709,1465
5.099898685877405,938
2.8153826895104745,945
5.334817303305434,1297
7.212633546070869,1422
5.333845952438858,1176
3.784896107915246,1155
6.391048767333686,489
3.7217942763859817,1700
7.852293566719112,629
1.1849568850432413,1245
2.165073276969579,1680
4.846742762476837,623
4.793342999865774,1526
9.141174982814034,1420
3.182602906292478,313
3.8320892836944394,1814
3.8785442123063665,1731
5.00018328772463,163
1.095803762807011,1049
3.3341536634287037,1207
1.1298794341198188,1209
4.083824654848191,854
4.11911624644116,1661
1.5273194991879109,1237
1.3447416518041608,1577
3.4371022560463733,529
3.0518737717620223,1695
5.473572793701379,1212
5.63971472928652,381
1.6670289204583915,772
3.9604359727802887,657
3.7946502235067427,1606
9.664721148450981,2229
4.080737429731913,411
7.365527341933964,796
3.8173863711757026,605
3.0505871463136183,66
2.561561751298541,1199
2.939203153741032,400
7.257889704187083,1238
5.042219283271867,405
1.1323191435620734,1083
10.3329481604103,344
4.54001571266316,2066
3.9991403016931972,1752
6.860761297983841,1407
2.5008360419701856,880
3.6960322795460416,878
4.865404889059536,350
6.814454505384045,735
1.9866375278844246,1569
2.848786855456162,902
3.3246099984148407,1997
4.099187697382661,1626
6.7456534868070115,1257
4.889902462708514,1184
3.616384484074891,1487
2.3296744108139467,522
4.769296498186001,1525
1.1248676254919705,668
3.24490594653568,1705
4.664776579810128,1113
2.4461859306903833,1655
3.8352864473536736,1253
4.02351856706641,1179
1.7703758389283413,102
6.579637008508317,723
6.468077206024817,2138
2.3634081129880706,421
5.026222366648854,510
3.7948884834301655,383
3.177682132472299,1670
6.342317345338312,1271
3.1020885931116204,2266
3.9732198992039196,1576
5.050229140104242,1137
7.384943017399133,1636
6.364661061911497,896
5.023125881027747,1011
1.5561198130480114,178
2.8958469745019073,437
3.047877176395323,814
9.322554978546778,1406
2.0911876648663896,993
2.9522733367516354,1614
4.767560325446638,1986
2.925035847539905,2032
4.643154668224878,1698
4.386945142224567,1291
3.890196885733294,719
6.30425054117712,866
2.884272983963235,1203
2.5251095663465994,1558
1.0243000951933647,588
4.047114601608069,162
7.717617728709993,1831
3.0058410109412668,2215
3.849746808442289,952
3.1710116415763774,185
1.8829197979471575,1947
2.924896375001255,395
1.618059848536916,1920
6.873048470275919,1105
1.2005554586954472,2221
3.6630560053255667,1827
3.6857687187653045,24
4.231107038954603,1202
10.258038731637852,1615
4.020723044313505,1435
3.2795091645997863,546
3.489465315580501,1929
2.98699693207973,1683
3.294338815228435,2119
3.053880864131716,1507
1.322534446079932,98
0.7528731113463294,817
5.006797882611803,424
2.750399813910867,764
2.281327642480377,671
5.075933424332451,2040
3.869894110850169,1342
3.3184130371425424,16
2.7090207032979343,608
1.8504094557160033,71
5.221889903631881,843
2.4967167933010597,783
3.735496533562937,1443
2.5292586461319515,1378
2.742251651362969,1627
5.86702891984831,396
2.878376392481806,2285
2.18305451040487,428
3.316352906703843,251
2.767599449534644,2096
4.313859245757398,2098
4.452172767397252,463
3.8489247126611392,2289
3.6409354977300716,1778
4.735030574039858,2276
1.260021965836666,388
5.5689236473699815,1625
1.6436912363834835,513
4.748921412942021,1459
9.489750280624806,1141
0.7094687434357679,1870
4.617718845880333,858
4.048542524187602,1017
5.504980057419875,131
5.434315657048134,1994
2.5559164920160997,1287
5.788171217593023,1014
2.4489302876043015,206
3.0401410897328462,2196
6.157312481345372,731
2.6376374397747515,946
2.450488762956049,106
0.6465957785374218,196
5.202157559371567,969
8.605494647959345,2064
4.48003777145585,2208
2.9507370033035576,1307
3.2604869336274622,797
1.8811484585000655,1682
5.38977939127655,528
3.4615678593209442,1602
8.345333878585901,457
3.403529675039434,416
6.294757358199254,1319
4.757976032540123,1122
4.691616127168355,1562
5.873784715515316,2078
1.7461928926195591,170
3.924071626850824,31
8.2391774800679,2255
4.091192213254063,1639
3.0866590116398953,1032
2.6744720386581524,203
8.382012873891565,2225
3.755076702350309,660
3.8322654704493995,537
2.4848672640259113,2279
8.661651291065597,2122
5.0033049263087666,1900
3.965770833205148,2074
5.788178062301091,213
4.4318571320435876,291
1.658671435152045,816
0.5630734798707621,791
1.8431780174455008,2014
3.342865727993997,466
1.3398378132006115,1359
2.9434259958160176,28
1.6782803693193424,648
4.74354473979447,740
3.1119788008974236,43
4.968766209938621,248
5.530060215457417,85
4.090840140812742,1430
1.87167588129348,631
5.539738131505574,2076
2.467074356695164,1071
2.468377995641311,580
7.32018971922159,794
3.0619622129042607,2291
6.936152912345397,462
3.3136278124528618,2166
2.4563940314158557,1780
2.61900731913278,1898
1.8135017608029587,636
4.42545093596248,1601
2.6584981467954445,408
3.0352430231455676,646
8.57467338444415,1806
5.12181891925471,1992
5.069533886121188,1274
2.8491239120593104,933
4.009995331185706,2251
6.568216160083631,1310
5.582002295318469,2133
3.2532184769960946,345
3.4990374617825197,1956
3.2292605067600064,2193
1.6042707888866998,1694
6.890678115350159,964
2.4551469843697,1684
6.909046203821897,883
1.5054986098237624,2095
2.525150861209518,1598
3.385442817579876,2202
4.89078226132513,352
3.0475304226710165,949
2.9694656680652267,1824
2.2860027901779434,246
3.999101324913106,1775
2.69360479343271,1305
4.506343390867834,290
1.580992286823236,862
4.393705274719084,1785
1.1777993254110726,2053
3.5445137015189596,125
5.3761984533944185,1292
2.9762329554772466,1019
4.58653079164879,1126
4.908335309339019,438
2.1076903251969124,1225
4.40595862555645,1702
5.38610428763962,1312
2.1258431370454525,1177
4.345614003670241,1848
2.8291620376758697,501
2.9483162014897975,277
2.6248274808534453,915
1.9363715316519365,2195
2.6207149597274673,1448
2.042940316763968,1943
1.5008152045825014,1424
2.650996051099127,273
4.7389378519095215,2009
5.420708717854638,1315
2.1445574356238675,2084
3.655158269467985,1810
3.107806688540853,1023
2.5948329278731803,2117
3.9225182025623284,1258
3.9461905190675908,1816
3.475910466585554,829
5.854649278357168,1439
9.150435288995093,647
4.232589706247161,1631
5.549177022107476,1394
2.9448158276031813,1556
2.089714983739173,22
3.0968004948700947,1256
2.0097031591659906,2107
2.268561447901837,572
2.968299608237433,304
6.983407466169538,1363
4.419836018327658,582
8.464507925193438,2261
2.5050299582620266,911
3.1040583400432653,1592
3.2984014512656503,1227
2.8286782886683532,30
4.570768806808691,1972
3.576418928346225,1927
5.117819840936104,2001
6.763605614864518,1674
4.957151519699416,2188
3.2120987627534623,1455
2.8555312422545165,716
2.096580193395997,2181
1.496322847466614,473
1.8348560227745394,859
2.7614846168853804,1440
2.9777779049866835,2159
1.9649561722603461,1095
1.9318499364776893,1910
4.472023605387362,567
8.154444812312583,1522
2.557970539727062,1263
6.215943518188113,1984
4.919620959203688,800
4.039584943915891,2002
2.2276736116936333,1762
2.3052470980193185,1109
1.5869141246031286,1496
3.5265445941309648,1057
3.5230741736489697,1668
2.839989180356936,1125
1.9409943839848558,1781
3.3417916786545647,1282
4.983145724964655,2223
4.792855141336891,1178
2.0448318038209066,2249
9.670509797441857,551
2.7102082805490864,1583
4.393340938858798,923
3.84609611798639,2113
1.6848781840011386,359
5.726591427747546,2248
3.8435597000390462,281
2.8171054462197476,1817
1.606444411985614,512
2.3811119990926826,744
4.072140018750371,541
3.3052343161465103,1130
4.641755677178373,506
6.02714270777854,1294
4.53738667064887,310
2.7837863794415596,1230
2.445712539921701,597
2.0197563513978034,205
4.289219080241738,167
2.2757799873025064,193
3.442602471990655,2102
4.749677614761717,973
2.048283826209754,338
5.172750998474819,1208
2.045981766934332,821
2.3271449030063986,451
2.0882316233809965,1432
2.1052443639410057,2139
1.4425903890639684,2148
3.645294371281796,2118
2.8685037443544026,1630
2.3932603866519817,2104
6.300320161567832,2091
3.6990049340708673,224
1.461202879299449,1249
5.309441693953263,967
2.01050822299672,1818
2.8401211557909103,2135
2.55937430446344,792
2.1270732315034286,2081
3.3564671578871783,865
2.604482611982347,1467
3.194594426624012,1278
1.8396487408561977,718
2.3590893517949945,152
3.41147983156833,448
3.386375343443313,1567
4.061152585056246,1447
3.6586611149718515,328
1.7682779685867545,1073
4.613230495152899,691
1.4588106341005416,1118
1.3892794499947447,1749
6.19712724849991,542
3.2748239058470108,240
5.000995093161169,103
2.8458390389390056,1521
6.9269138539559165,1840
2.5949685025491327,475
1.6882048474426437,1773
1.4405571147679428,1266
2.2109866837963263,768
3.856423115146524,32
1.0962541497804756,480
2.7394030014694972,380
6.82805955291962,2244
2.5513572247497724,1787
6.904196696679303,2232
2.1144077637592744,2269
1.7536952322882053,681
2.2113629155688264,1024
4.457376538060623,2205
3.487363685624875,570
3.054768933977189,1371
4.629890055164736,1269
5.476977516839222,1436
3.6647348324902875,1022
5.24938600828602,1039
1.3556710960636573,1131
2.0106422131956116,2265
5.994952040290849,84
3.9325028715876638,1331
5.107158409569577,1280
3.0357767663056543,407
3.3240142168543025,1185
4.2143294228448465,2051
4.08149235439502,1015
1.6287597283744548,166
3.4116861377736156,2124
4.7766822349369535,726
3.045910067743464,436
1.6436740183412761,990
3.1581887305643317,2162
1.8964278441282874,1675
3.132622732954612,323
4.616678737125013,1641
5.4396779035312015,815
5.6925038039741525,234
3.5594433660504716,1901
6.215337218477542,2141
7.152859152320245,1144
2.264685944727894,940
2.9191689927789573,1666
5.1582135570654195,1099
2.7355095230566926,638
0.5493940603306295,994
3.501271024280994,402
4.206136276898648,2152
12.532969759771131,450
5.43855817337524,2194
6.031805569505691,890
4.61024418845796,1579
2.3966953631133014,642
3.1756043610649343,1236
1.8871978989326303,1588
6.643907213977594,1554
2.5197311384701133,1183
2.1671803919901795,1511
6.8598114770138805,298
5.694977022992256,1072
5.237687582789793,453
3.90193075183075,1401
5.380457882189337,1645
3.503816047661251,662
4.07498347895294,793
7.659168472002855,1619
3.802767568226136,1102
7.791904749596188,1609
0.65232591132958,1551
1.2839094704270575,674
1.348877234838175,877
2.4965152782318123,1169
2.8871697165979247,1145
4.228316051014939,2029
4.723721926479675,856
6.7109682076544805,1361
2.97514086607495,293
3.3120657324291276,1403
1.027597538100626,661
1.8766071709732068,2132
4.556986831341754,2219
1.2463969837402702,1444
1.1449402714487225,1850
3.9929387557291927,1426
3.656836695390794,776
2.290079518507155,169
1.7158980118029077,971
1.7420104913072674,2157
2.056999236333528,5
3.971221101335234,687
2.8933302569317885,89
2.494866740024168,1757
5.438693760664577,269
4.300450727342011,989
2.165756360752142,1475
1.930813549501971,47
2.52315464311832,1252
2.960090117754975,384
1.6669191316684997,317
4.171352843751038,1433
2.3349780532426867,2237
5.324724407251675,2106
2.2277922656892035,1548
6.985882529029962,1469
3.0713670062137175,852
3.2863499629883326,1149
4.7847563838398,1200
2.150884744892717,1164
5.270466446027318,10
3.2541071777565906,870
2.64323990119015,1093
2.2685666276530294,1213
8.127750828664873,1415
3.163716968546704,1482
4.005035830345352,1649
7.861982329555934,108
6.047690515974397,1003
2.9125286213917154,132
10.132865432795512,180
2.320275332113649,1457
4.592172772011658,35
1.3180781660423777,1747
6.686796070028025,1259
4.840980679048507,1934
1.927350921376968,1316
3.9890481729751457,198
1.7206952365184245,1902
3.764770844397059,614
1.491029183447495,34
4.556845909166982,1404
5.039230440171725,658
6.7609864964612,1235
3.6784483502490226,665
3.4271680784728247,871
2.972060491584485,419
5.822422538996229,1911
6.05506199490703,2256
1.8861811177281984,45
4.095519028325513,440
5.257716147275344,2050
4.372874090010414,1306
9.620569686250283,1874
5.377835635736275,2013
5.960220881698905,153
2.0430911920167425,983
2.4089827045542553,1172
8.902766784296574,447
12.008058402860106,531
3.944533168354293,356
3.896445005522133,1489
1.7096606779249632,554
0.3138330894985967,706
7.688966001359091,930
4.086416415235271,1337
3.0065964768884217,74
3.5666948542557946,2293
6.848395699665236,1473
4.345572308198063,1584
2.1649029793004058,1863
6.549995933617798,850
3.1112631756119953,1221
5.952915348692162,1197
2.053807715017122,1657
3.484192220145663,1397
2.4497369358795753,1559
8.58301557711343,659
6.6736130804456595,1536
4.535037714340528,1272
3.2575059526225054,1717
2.883271890496206,2283
3.365244205987357,1201
2.7598910230996596,1841
8.85037044404112,769
10.78996459749133,1656
2.4992768052305023,625
2.878999838757091,585
3.8440057785110113,1727
4.773369508981158,1218
1.7011514719035201,1148
6.144430340885857,683
3.4990737354002235,705
2.3769719283790085,243
2.7248353721286174,676
2.67490294125803,1644
5.416884630162623,1472
4.488682271267306,903
1.348270473596546,1858
4.574513179786289,1484
1.9636093687756964,1442
2.357372313209198,1506
4.546418319209355,1852
3.0401454515494435,302
4.026734531773582,1261
4.240055247465464,617
2.4789045010596302,1764
4.900332224244194,126
3.095418450533796,799
4.016341677030325,1513
5.388285897866738,1669
1.9929087048484162,1637
2.8147303166441264,745
7.0017041401140965,1425
8.401568991272548,1664
6.966840488810356,332
3.885309169199387,1382
5.814793116271158,483
3.854498078245354,72
0.9533266245737128,2192
2.4930473240175557,124
2.778020064878741,872
1.211108098392547,1059
6.439293798339044,694
2.0869066650635824,1198
5.90823081131255,1591
4.329421768130224,1483
4.752928016723055,1589
3.8969036218342876,1732
1.5760670539655306,1524
3.0426647696578946,1138
5.136903052542759,1078
3.634416602695873,1660
2.6565411975647812,1520
2.340060432725221,979
1.6527459972655298,1229
3.534456292127207,226
2.6648277276771983,1719
4.367648683686191,1533
3.2551743745226096,539
1.5833983985935813,2088
3.7466326168906456,840
2.714893981652942,1981
4.383037277846318,19
1.3984795956493201,1820
2.961931999726937,826
2.2081442711695334,581
2.2392138289196555,488
6.179454684196148,468
2.9727402147618034,1365
0.7164411157574779,2105
3.4903218449187277,223
7.153875189013685,1495
9.195100082270875,348
8.387174032912933,1353
3.7353664377767375,2222
3.164924359081053,1300
5.086244275317147,1376
5.358694581197528,604
6.950299803950894,308
2.5065930930107285,1052
2.8322783678533456,385
2.027091219033525,1114
3.239231706784675,1186
3.3927059451317345,1431
5.71795453179223,2136
2.127409825692589,2191
2.9971415256218243,742
2.9439877773321954,1146
3.9207673580575926,1704
4.503833054181993,1344
2.28374832833747,1391
1.9854288585281923,433
1.669983105640069,1654
6.039399528358075,1976
4.461361754561967,1276
4.000640484163324,1712
3.602681914923069,1194
1.8398250585162812,1326
1.7224073461411866,1688
1.680946263257509,1479
6.322896542058636,145
5.3641554542753696,1094
1.1838298355340355,2003
6.755889587079731,601
4.458849136777594,260
5.7675759955488495,1373
5.334358444138412,924
1.8021106141160688,1686
7.440904445173921,1857
1.8174947182380825,1494
1.6791501654661316,1777
3.530847066082052,1173
10.298664866710016,1129
5.1526120570205025,536
4.068811391066418,1053
2.3595377815527345,1935
3.004352837354817,1750
4.971983072657128,678
2.675590382983373,630
4.35076979801107,1990
5.923292376416669,1662
5.869106774977204,2175
4.319093973470465,1313
3.5689609863504255,1709
3.492153377449995,1009
5.107816109169627,562
0.7936375689700242,165
5.558535093111423,1825
2.616542414792849,1721
1.9901453526019883,1037
7.96867924832073,1438
3.4734717484424498,1843
5.105586318072681,809
5.4853191015335065,1277
3.0901806485918724,2097
5.61698460276747,2183
2.919072253494066,696
2.3341312862243093,1181
3.7531296487484247,1311
11.965725507516773,1914
1.7080906514968497,1838
3.0272330552133804,2253
2.687685875335327,1500
1.2783056668993802,2025
3.887287228871123,2047
5.532517136716426,1140
2.268784315059289,1043
5.971307868882857,1385
4.037382899005218,1351
4.647846541330916,894
2.109147920661923,231
6.304277102142674,2185
2.6331543751812996,561
1.6640127866354226,1038
3.545387975402661,527
1.6045295941166282,1170
6.381685554247922,926
6.025218634352024,1215
3.5538183733981663,738
2.419234046315249,1566
1.4246281757780546,876
2.75203899691309,137
9.32898184781359,907
1.3286412862393184,2065
6.432239332250966,1345
2.302988574380952,1048
5.598963468280681,509
2.0722965204690325,2038
3.9568462616825975,765
4.772669335808368,803
2.240926296970394,1612
8.236029198977782,1769
5.5994250438958435,1423
3.221614271073734,916
3.072528008887772,331
2.8395453762526546,535
2.7821108388675566,1167
4.539497453202491,2075
3.6996956193327777,1966
3.2913204074880857,1193
3.2160516304001376,1355
2.3279791645762913,2178
2.1810858534228825,825
1.2134040116822,2045
5.419022831614187,918
2.09562000401652,714
4.03263684369706,1568
1.640942319027648,1414
1.42304329794202,1571
5.563174158501661,984
5.947196913754565,649
4.3651117101219,1804
11.467822103948913,1488
1.7889044630429622,999
6.139286981371788,202
2.4247421987075826,1724
4.292968384391471,639
3.7207212608467612,1991
4.663455355296492,853
2.455031800444445,2063
2.368892706990639,873
2.549567394641397,2277
4.949914130759361,959
3.837379406965054,301
2.351066300484801,634
3.376977549650807,1262
5.342818267384403,1829
3.0831153353094707,846
1.669078235102527,188
4.268503388996579,158
3.022887825711824,1232
4.980374529662486,57
2.6494716550956365,2172
4.448670932410344,1409
