latitude,longitude,userId
35.703984477999995,139.63342308,1541
35.710489186000004,139.77202572000002,868
35.705727386,139.57412454,114
35.68875541,139.7591218,1458
35.750441484,139.73899212,1635
35.662524686,139.74071234000002,2033
35.676507454,139.76266418,589
35.735055356,139.6369608,2290
35.694043602,139.73828011999998,471
35.64953135999999,139.75063224,886
35.548311637999994,139.62712288,265
35.690892309999995,139.66093228,159
35.667877376,139.66453964,1390
35.676626795999994,139.5351934,214
35.617660533999995,139.74110312,1240
35.588636195999996,139.73965158,1842
35.600574882000004,139.66649518,96
35.70651545,139.75563524,1876
35.68021485199999,139.79398754,499
35.661662631999995,139.78909338,1206
35.677080054,139.69115796,904
35.715462668,139.69309321999998,1143
35.724025634,139.62466574,1555
35.619722718000006,139.68679278000002,252
35.620125786,139.63606204,1895
35.739019872,139.79826032,941
35.63509242,139.60555388,1056
35.764022952000005,139.73366066,1233
35.710093704,139.74511142,1222
35.641400134,139.63473222000002,1906
35.701700857999995,139.64578156,1552
35.576957533999995,139.65954262,1386
35.553963418,139.64683083999998,1317
35.596020298000006,139.67530704,2085
35.684921676,139.69841366,1064
35.709826648,139.81987332,1349
35.68652581,139.76700258,1982
35.65003011,139.68171596,2060
35.599795442,139.75263528,2243
35.724455582000004,139.58352548,847
35.740705909999996,139.83253384,1029
35.66091830199999,139.71533338,1967
35.702719603999995,139.6838408,13
35.689195006,139.69562420000003,1964
35.563487634,139.71566522,9
35.71796291,139.71627310000002,1965
35.699155038,139.6007449,64
35.702804134000004,139.71812322,6
35.612138996,139.72304948000001,116
35.60324543200001,139.63690402,1618
35.648990314,139.6793603,1324
35.692648124,139.74773125999997,1979
35.60529871,139.73855846,610
35.722600490000005,139.76277743999998,2015
35.61371560400001,139.57732326000001,349
35.620975628,139.73125792000002,2287
35.705867882,139.64864831999998,1726
35.711847698,139.81124630000002,1928
35.787438794,139.71104864,336
35.73207119999999,139.78144416,1379
35.698781034,139.76255385999997,775
35.682330781999994,139.76799981999997,972
35.669827342,139.77089444,931
35.612065216,139.6998259,1746
35.688394777999996,139.71171868000002,187
35.687173336,139.66004827999998,722
35.689284208000004,139.65938194,2023
35.57235431400001,139.66436263999998,1808
35.732437044,139.68188089999998,135
35.68239047,139.68329265999998,1248
35.686064087999995,139.71544018,1540
35.691087826,139.69730697999998,23
35.664349962,139.7742503,1907
35.724743398,139.72551132000004,680
35.719312828,139.75964598000002,1621
35.573563652,139.6949974,1088
35.66854104,139.75913916,1790
35.5441613,139.6841728,1701
35.59054643,139.68459692000002,1100
35.648508494,139.76682295999998,1961
35.633891373999994,139.73409536,1320
35.642035378,139.84240816000002,953
35.65694813,139.66206590000002,113
35.579903386000005,139.64557582000003,2027
35.61115548,139.70839466,2054
35.69923587200001,139.80982922,863
35.679629918,139.8063467,476
35.641749262,139.68494046,1924
35.611646554,139.71972226,1844
35.568662622,139.6708467,41
35.64082492800001,139.72054822,2022
35.676146698,139.63597547999998,3
35.70592366999999,139.72060634,2278
35.731071714,139.82143198,2011
35.661911853999996,139.73130401999998,627
35.694349564,139.70466086,925
35.617223444,139.69606847999998,1132
35.745064852,139.7947856,390
35.705642752,139.73882382,1463
35.800624512,139.70578863999998,1714
35.597625246,139.68217851999998,1384
35.63823648,139.74385408,917
35.71464614200001,139.78063346000002,423
35.696198261999996,139.67251628,1341
35.615651916000004,139.57535306,207
35.675727002,139.76384246000003,1497
35.606459076,139.69971958,819
35.699704662,139.71686941999997,1638
35.642068642000005,139.72471026,1437
35.734206318,139.8052091,168
35.616576812000005,139.67134665999998,1336
35.66439522,139.70057074,563
35.666312489999996,139.77173308,2059
35.626534637999995,139.63219306000002,1690
35.678176364,139.70827264,557
35.69019657,139.70853784000002,1241
35.53357029600001,139.71822966,2000
35.708619768,139.76743775999998,841
35.691926048,139.61980538000003,29
35.690450221999996,139.6865519,1327
35.643429319999996,139.71859732,1151
35.693817634000006,139.80526651999998,920
35.831240474000005,139.61739294,2121
35.625369278,139.68183918,1932
35.66896335,139.69763826,615
35.67909558,139.67382368,701
35.65909248999999,139.78882760000002,1474
35.736434184000004,139.74068838,893
35.624655436,139.74093428,1611
35.735275464,139.68349724,1084
35.609821794,139.72799514000002,763
35.698474493999996,139.77207319999997,271
35.649569946,139.75187853999998,1663
35.719006498,139.7159167,988
35.600797582,139.71992224000002,1676
35.666583466,139.7895383,833
35.713621662,139.77068488000003,300
35.77925926,139.6464719,1871
35.638521432,139.74383054,1205
35.77655022399999,139.75073354,21
35.713693014,139.81201172000002,935
35.711179078,139.68596968,644
35.705490186,139.75146388000002,1216
35.639512696000004,139.71074176,1381
35.677312022,139.63402736,921
35.664451414,139.68320854,365
35.672749698,139.87454989999998,1640
35.692275438,139.76049308,525
35.659053678,139.76018936,1412
35.71798814,139.732593,1616
35.697987778000005,139.78466880000002,422
35.616220808,139.72075016,2199
35.61552751,139.63676842,1466
35.68505728,139.755198,1887
35.598061582,139.7285932,992
35.683745386,139.71175525999996,1087
35.656378616000005,139.5455043,1481
35.663634476,139.64964668,81
35.640245264,139.77285212,1938
35.6861852,139.75516552,733
35.72157267199999,139.76954069999996,1527
35.656328132,139.73621176,430
35.64166872,139.68489608,330
35.712213256,139.66213134,1937
35.618410340000004,139.73844219999998,161
35.742460976000004,139.61169632000002,285
35.56451025,139.56526718,425
35.724223517999995,139.7363679,831
35.549347954,139.72586052,822
35.674439432,139.84028196000003,1830
35.690431278000005,139.71063175999998,1884
35.638433314,139.61987463999998,666
35.699503643999996,139.7545361,530
35.651875098,139.70879227999998,677
35.705384778,139.6966387,342
35.67503158,139.69655912,2250
35.732885194,139.5783197,1182
35.719425883999996,139.7511364,1917
35.703324654,139.57412714,1557
35.658023285999995,139.76416669999998,2103
35.628836992000004,139.73187714,1509
35.668694038,139.76915704,2073
35.686528836,139.71684439999999,1519
35.670609128,139.67206757999998,1224
35.691829172,139.74317535999998,656
35.643801524000004,139.68059332,2046
35.687917232000004,139.8002984,547
35.714869306000004,139.70659532,1372
35.68188095,139.69135341999998,149
35.707310590000006,139.75005024,294
35.688200126,139.80721812,1396
35.663675426000005,139.74301308000003,1996
35.630799016,139.77620098000003,1338
35.607788670000005,139.73160862,1617
35.671135888,139.75180782,734
35.694760394,139.77037793999997,641
35.602047002,139.61768872000002,1303
35.615214762,139.72328692000002,806
35.605280184,139.68422134,1809
35.7576873,139.54835841999997,115
35.721244204,139.68639969999998,997
35.681935558,139.79916268000002,1158
35.692114004000004,139.73076614,53
35.675530048,139.68516511999997,1699
35.704612634,139.58967653999997,1713
35.704232348,139.63859141999998,583
35.729961024,139.76131982,1711
35.707091838000004,139.79122741999998,2198
35.740878346,139.73004518000002,1658
35.694997472,139.7486545,1322
35.65669661,139.75216742,2212
35.661391256,139.72778906,2284
35.704534346,139.56999792,1486
35.645136774,139.71446766,1883
35.717353872000004,139.74139373999998,1388
35.661033656,139.62924384,1040
35.67593455,139.67550366,1646
35.692243422000004,139.76274198000002,845
35.632832852,139.71011336,1916
35.649426716,139.66036835999998,42
35.712213062000004,139.78316411999998,2258
35.610280652,139.70465258,65
35.643864704,139.69290850000002,343
35.685743362000004,139.79125791999996,1002
35.58106396,139.72000422,1796
35.674334693999995,139.75972292,1480
35.686371808000004,139.77762647999998,371
35.68150917,139.79165170000002,264
35.683057356,139.7611758,1693
35.63193967,139.68849514,2164
35.678338236,139.7085853,785
35.59274018,139.73032286,556
35.676930576000004,139.75522718,936
35.709736299999996,139.7575621,1672
35.74629756,139.73639624000003,1795
35.771901926,139.73051008,1941
35.667067898,139.76486569999997,955
35.726357874,139.70728677999998,2012
35.56103,139.7383766,1960
35.739111134,139.79797908,212
35.620364517999995,139.73222302,426
35.688922444,139.68701683999998,482
35.696488658,139.80554386,1321
35.620060073999994,139.68832408,86
35.685729695999996,139.70990948,838
35.678174078000005,139.70017203999998,2204
35.652005384,139.70780766000001,183
35.679127879999996,139.77660691999998,51
35.58484896,139.62958148,146
35.645868152,139.64756223999998,1761
35.614148990000004,139.65631586,1518
35.65774759400001,139.81554825999996,2156
35.709977246,139.75335138,1826
35.652325406,139.70199062,504
35.778861896,139.7199223,1913
35.678578865999995,139.80335209999998,1267
35.553957378,139.57794874,1323
35.54193015,139.63994353999996,1973
35.643373052,139.70558972,1793
35.681855024,139.74785168,358
35.66670524,139.75771878,92
35.56684427199999,139.6472925,1903
35.702460384,139.70538761999995,1309
35.703819262,139.74944779999996,612
35.704282906,139.70491142,354
35.692877380000006,139.71466462,1789
35.632704772,139.74323794,749
35.655592702,139.75639776,790
35.72964581,139.73691632,1765
35.71158543,139.78905308,1217
35.783588612,139.63020441999998,1799
35.571121962,139.58861096,754
35.70256930199999,139.70403407999999,667
35.685270886,139.78503803999996,232
35.772645124,139.79489902,1922
35.687887898,139.74311387999998,729
35.669614784,139.75840906000002,409
35.68099052,139.77990776000001,655
35.651174562,139.70298532,653
35.642492014000005,139.69539730000002,2
35.672323572,139.67800572000002,1352
35.637158332,139.74615504000002,1512
35.691475696,139.75253765999997,2187
35.673504218,139.75887500000002,1710
35.65773215,139.54258116,1018
35.624472432000005,139.7199801,2083
35.56614589,139.66417773999999,1462
35.61379891599999,139.5518104,1362
35.65192191799999,139.55101952,1667
35.653588318,139.70070859999998,593
35.689481662,139.69022443999998,2260
35.716700802,139.85814194,1190
35.61105268,139.68717692,1587
35.613431479999996,139.69119102,1108
35.698615922,139.78225372000003,874
35.691226106,139.63165786,2267
35.563887804000004,139.71289527999997,318
35.654270342000004,139.71077492,155
35.673191488,139.64379965999998,263
35.677261013999995,139.7184128,1147
35.715765288,139.82319968,1828
35.663168328000005,139.72785492,1930
35.773925487999996,139.74982818,1007
35.649854496,139.62053659999998,1076
35.699649536,139.69581126,1753
35.634535882,139.73397394,1807
35.668917664000006,139.65533295999998,1402
35.66401272,139.68557049999998,1346
35.64869555,139.67625196,172
35.655352298000004,139.73405545999998,1332
35.688180939999995,139.66600065999995,284
35.65840394,139.75463398000002,2134
35.644679912,139.7157075,1707
35.65908622,139.66703890000002,156
35.686387526,139.74615952,18
35.688918861999994,139.75825402,1471
35.658945856,139.741107,59
35.686463661999994,139.77349306,191
35.681226164,139.76391433999999,929
35.687289922000005,139.7829221,1788
35.668887968,139.74156818,1389
35.697709380000006,139.81229742000002,315
35.642482193999996,139.66452556,1387
35.67476063,139.734171,1919
35.710821007999996,139.7623447,1296
35.651491093999994,139.70998734,494
35.681584388,139.66496447999998,1031
35.693716697999996,139.71663269999996,324
35.735138872,139.76667518000002,1516
35.663439986,139.73007956,1999
35.65617245,139.72351555999998,1428
35.654685730000004,139.68548516,782
35.59568735799999,139.56668898,1912
35.692141484000004,139.71556994,1918
35.543966569999995,139.5847413,2167
35.618759732,139.73437790000003,1086
35.712710522,139.71250536,517
35.65503017,139.54252664,1308
35.522081709999995,139.66971510000002,1745
35.71432364,139.83428304,697
35.73056699199999,139.72133266,1097
35.568978947999994,139.69521007999998,496
35.675677522,139.73345286,586
35.667760996000005,139.79333686,1226
35.68352186199999,139.7873153,1041
35.641632428,139.73327494,951
35.582657692,139.64908468,632
35.671026829999995,139.62068319999997,1987
35.669015512,139.71656142,498
35.744397104,139.7573754,211
35.615904652,139.71904566,2006
35.655437202,139.54358884,584
35.674513538,139.70029141999999,1989
35.682256204,139.6839333,1734
35.799770944,139.69020338,2026
35.670901236000006,139.69180081999997,1454
35.71734796,139.80643867999999,900
35.703234972000004,139.773922,439
35.652334530000005,139.77346455999998,823
35.690361576,139.709231,329
35.695567182,139.69241032,1392
35.705079506,139.81375301999998,237
35.716718372,139.66227727999998,391
35.601056914,139.70471862000002,1880
35.681709483999995,139.7215273,947
35.653242678000005,139.76474591999997,1784
35.64125781599999,139.70090204000002,75
35.63990087399999,139.602381,1782
35.694241026,139.7383458,1383
35.65490881,139.71776534,508
35.64128644,139.71721006,1545
35.705428418,139.7049639,737
35.620713758,139.6324531,1476
35.690213121999996,139.69451199999997,620
35.776722526,139.73002472,767
35.664309512,139.74480638,1416
35.67794383,139.7960261,1265
35.686480496,139.74428166,1610
35.61178668,139.70918024,514
35.652403961999994,139.74968066,431
35.664497832,139.73122748,1872
35.683008082,139.6879285,2218
35.677803498,139.72281516,996
35.721641936000005,139.78686391999997,624
35.564841431999994,139.61531836,2190
35.735895294,139.75219544,2177
35.712783748,139.68888306,1161
35.672003982,139.72319172,1561
35.673067176,139.75011028,950
35.6484741,139.71015422,1357
35.656858154000005,139.5431436,266
35.681992784,139.66100339999997,1550
35.701821762,139.71661804000001,849
35.676328176000005,139.69559632,27
35.693489482000004,139.73298418,1650
35.693112882,139.70070212,1677
35.693473886,139.70389482,1089
35.552391494,139.6478419,928
35.65968374,139.7273662,1360
35.699931534,139.74499125999998,2058
35.590439364,139.67615511999998,1210
35.695492302,139.82511538,1491
35.661495181999996,139.75558728000001,2236
35.612700098,139.7410845,2092
35.675776332,139.66774707999997,575
35.693586714000006,139.7774939,1865
35.69196602,139.71170796,1877
35.632973094,139.69264986,1861
35.674006864,139.69259546,778
35.654721544000004,139.72987486000002,177
35.715876392,139.71420444,1531
35.691151266,139.7273418,712
35.562592592,139.63266958,1231
35.617184806,139.73873288,808
35.598272742000006,139.73293406,233
35.680223794,139.59722476,314
35.742095924,139.7394638,458
35.592746752000004,139.60726170000004,1735
35.61266934,139.66882804,2086
35.64106676,139.75494386,1768
35.703159512,139.74801313999998,368
35.669185422,139.62120299999998,805
35.697227133999995,139.63201764,2234
35.662925912000006,139.71177196000002,1944
35.603255666,139.55890222,978
35.694777328,139.76765229999998,695
35.637975552,139.67554094000002,379
35.714335026,139.71756602,1642
35.764909180000004,139.75328598000002,2286
35.735003330000005,139.65002986,1411
35.624466988,139.706444,8
35.730234542000005,139.4994669,837
35.709548760000004,139.7378718,1866
35.654968992,139.77046797999998,250
35.697346398,139.71120086000002,36
35.71586206400001,139.79505321999997,720
35.699826194,139.66644454,452
35.633306534,139.60208975999998,1528
35.666919304,139.73220124,160
35.693575454,139.72112574,1418
35.699340842000005,139.77383127999997,881
35.693567582,139.64812827999998,2056
35.60889034,139.66160476,1350
35.721911827999996,139.77808530000001,1853
35.673710704,139.6510849,690
35.69169147,139.67537126,1847
35.73039610000001,139.73038214,1600
35.70570345,139.68924232,454
35.653092238,139.70735882000002,1974
35.694462310000006,139.74812308000003,225
35.633270747999994,139.71726785999996,960
35.666842188,139.66507231999998,1329
35.70375437599999,139.56088017999997,1607
35.727867264000004,139.66747357999998,1514
35.670855974,139.76273769999997,2262
35.712905998,139.68830626,26
35.681233276,139.6797343,1505
35.687721690000004,139.75341074,1042
35.669517618,139.70337362,477
35.712664602000004,139.65794734000002,1070
35.619813666000006,139.65555658,37
35.665782276,139.6265629,1027
35.623583438000004,139.63205078,1055
35.659161014000006,139.77286672,1106
35.681036217999996,139.60071626,1529
35.69684191,139.72930165999998,1643
35.635232526,139.70040648,1892
35.570269018,139.69250764,1783
35.70567382,139.78521010000003,1328
35.676876019999995,139.74758096,1187
35.656911826000005,139.7186288,394
35.641575612,139.64057966000001,2145
35.702984692,139.77574492000002,1081
35.761660002,139.67218508000002,652
35.698727012,139.76469986,386
35.620250096,139.6905917,278
35.70786079599999,139.73434791999998,151
35.688653242,139.71779766,1833
35.691575962,139.79506912,1284
35.669630376,139.81300652,1453
35.609144365999995,139.60557487999998,1860
35.659696814,139.71638922000002,472
35.659150524,139.70550944000001,190
35.6724363,139.78656956,261
35.653655626,139.76539952000002,948
35.684519638,139.75152336000002,244
35.64080928,139.75907539999997,963
35.674540266,139.70625778000002,958
35.633419674,139.74341418,434
35.727265288,139.79089836,62
35.708061572000005,139.70178632000002,230
35.65425266,139.70575069999998,369
35.690848677999995,139.69754491999998,1800
35.651189688,139.71256188,1012
35.696890588,139.67255788,770
35.66172578,139.75449228,1801
35.673214724000005,139.76918787999998,2112
35.720329274,139.61334889999998,435
35.663725966,139.73028828,693
35.645888118,139.72064034,550
35.696601102,139.76151008,192
35.651248392,139.70862314000001,299
35.66301057,139.49107120000002,1729
35.667414718,139.71342982000002,61
35.617693106000004,139.66095098,970
35.68658572,139.62135594,2151
35.562389242,139.71392274,487
35.66199819399999,139.70815939999997,1931
35.681822572,139.72663044,456
35.582480759999996,139.62565224,725
35.663307348,139.77474457999998,63
35.644301,139.7374671,507
35.698264258,139.55005058,280
35.701325288,139.69123782,2070
35.732778508,139.7487936,1092
35.671366552,139.73545792,361
35.680097776000004,139.71776248,1096
35.653724652,139.71308674,55
35.716351626,139.70918852,741
35.713889782,139.71110646,87
35.77302261,139.56520658000002,519
35.651719514,139.7399639,1822
35.746565884,139.73712677999998,69
35.630701034,139.73630546,957
35.58133521800001,139.73215484,1891
35.699411834,139.83589116000002,2043
35.709912914,139.61240726,1905
35.732436208,139.8015696,1851
35.619136178,139.68150283999998,1013
35.69094568,139.69388288,1957
35.652894884,139.71326589999998,1283
35.690272662,139.75609096,2037
35.58376496,139.71715274,1585
35.566906704000004,139.64195284,2110
35.678074236,139.78309564,2150
35.677282542,139.72548126,2235
35.704296154000005,139.70775576,1821
35.632712766000004,139.74439488000002,885
35.593663559999996,139.61881272,1325
35.691453392,139.70837116,1535
35.641754282,139.70879974000002,17
35.792313195999995,139.79408283999996,728
35.678095652,139.7302728,197
35.652921756,139.75740506,1405
35.591472196,139.68253846,67
35.665279502,139.74343998,1066
35.707948218,139.80300178000002,219
35.639515218,139.7453822,492
35.698523605999995,139.64156844,1021
35.709587846,139.69889048,524
35.697642268,139.71893974,109
35.713938904,139.78487916,236
35.657149408,139.7258318,1441
35.704079886,139.78670685999998,325
35.723823896,139.70792942,449
35.66766776,139.72671234,1648
35.630470004,139.69712972,392
35.643717294000005,139.71617713999999,418
35.77428557,139.63645286000002,1020
35.698920708,139.73139550000002,397
35.642323682,139.67266852,200
35.707070458000004,139.73333726,1246
35.657308672,139.69705491999997,1772
35.66328987600001,139.69988552,2115
35.68901141599999,139.72337564000003,1819
35.70273193,139.64353864,2087
35.636106698000006,139.67485754,1499
35.687178431999996,139.72594104,577
35.70598407999999,139.7074184,2153
35.605289377999995,139.56151916,1304
35.66172993799999,139.71971232000004,727
35.741013413999994,139.80168006000002,2125
35.660142812000004,139.66976376,869
35.67440063400001,139.77050626,1737
35.668001374,139.73315984,781
35.657602816,139.70096354,2211
35.716870856,139.76388288,465
35.703726896,139.6492201,804
35.64857573799999,139.72157064,502
35.726906115999995,139.79309234,682
35.67821922,139.73480641999998,2158
35.695026996,139.69857052000003,1988
35.627901298,139.64810970000002,44
35.694853154,139.72070100000002,1537
35.745858168,139.84231531999998,700
35.643571432,139.6558882,2214
35.73793651799999,139.75448763999998,1995
35.685911594000004,139.70348364,1678
35.684992212,139.69512767999998,699
35.65807641400001,139.6970079,1774
35.656545428,139.63153119999998,689
35.692578074,139.70170181999998,144
35.67254767199999,139.7605893,175
35.720834408,139.77707554,1492
35.70811372599999,139.7500626,1740
35.576653458,139.6472608,503
35.69838752,139.70667281999997,1733
35.74486496000001,139.74210322000002,1427
35.557207708,139.66359291999999,410
35.698760358,139.71961086000002,2020
35.733736788,139.65539868000002,1162
35.69183245000001,139.77048073999998,1079
35.586137914,139.72961302,58
35.578622296000006,139.64063538,1578
35.646988146,139.6967435,839
35.709109137999995,139.7745875,1722
35.701440342,139.66656528000001,1189
35.720220914,139.72825174,1743
35.682007152,139.71615018,1766
35.779370106,139.64143008000002,2062
35.694177988,139.72655287999996,2077
35.662703212000004,139.73110416,444
35.685763584,139.74223064,461
35.681549402,139.66788362,322
35.603802582,139.72829784,1120
35.70028711,139.62078892,1393
35.682812784000006,139.72128374000002,2259
35.746419679999995,139.73772793999998,1134
35.723899958,139.76732002,1836
35.703338020000004,139.77259718,1062
35.732866536,139.73632781999996,1950
35.70749975599999,139.70280594,599
35.65893722,139.78299374,1010
35.69312953199999,139.76875198,1301
35.712009390000006,139.68830404,779
35.587907816,139.67614146,138
35.696271928,139.76047669999997,2035
35.670866234,139.7195852,2116
35.584762983999994,139.68546447999998,1060
35.64388992399999,139.7003297,650
35.6910424,139.67679884,721
35.717863640000004,139.70601820000002,2140
35.715685638000004,139.52636442,516
35.693496092,139.82446785999997,287
35.857996906000004,139.65277112,375
35.654208894,139.71120198,1811
35.561147484,139.67760614000002,179
35.596368672000004,139.73110423999998,1251
35.655130236000005,139.69177575999998,619
35.568315104,139.71327932,2217
35.688549262,139.75445462,756
35.688743697999996,139.73368946,1767
35.624584760000005,139.71454883999996,401
35.615628756,139.6776163,1123
35.695473224,139.74282908,357
35.657516418,139.73898809999997,60
35.65834509,139.64766628,549
35.667524091999994,139.71992268,1367
35.701147729999995,139.7189855,1881
35.687946798,139.70054154,2273
35.676656558,139.70719961999998,1706
35.693585418,139.77241433999998,80
35.668432608,139.71037074,1268
35.671851032,139.73925458,1738
35.682604038,139.77424604000004,2034
35.693740858,139.74081313999997,753
35.716011564,139.70395982000002,1477
35.672962914,139.69048842,1560
35.690231933999996,139.7442517,1547
35.666887108000005,139.7459043,1595
35.697600535999996,139.70508948000003,221
35.716811928000006,139.81736466,2274
35.616133328,139.70461324,1370
35.775787172,139.78488968,867
35.671076228000004,139.7339562,766
35.660220956,139.73848407999998,455
35.664555222000004,139.68861156,1685
35.689564046,139.74642618,2109
35.658623842,139.75026984000002,663
35.677708178,139.71559231999998,459
35.666890086,139.75680573999998,830
35.66374322,139.72741326,1255
35.70192739400001,139.77373561999997,2090
35.790663796000004,139.60552764,2163
35.700676906,139.765694,1103
35.702195270000004,139.77300182,70
35.631829426,139.73604896,1697
35.705681156000004,139.65080982,626
35.67909562,139.64090556000002,2179
35.665915422,139.70544723999998,40
35.678351032,139.7117089,1302
35.6965749,139.69817278,275
35.699311824000006,139.71239908,686
35.698487844000006,139.71768024,100
35.731725698000005,139.71245682,616
35.70412304,139.7196885,515
35.67122429,139.72637442,591
35.765882248000004,139.86787759999999,698
35.67407739400001,139.75339154,1354
35.685090548,139.67089199999998,560
35.69422695,139.69872019999997,118
35.669884780000004,139.63884983999998,199
35.606301132,139.68484146,1400
35.76991203,139.7342832,1058
35.643511012,139.73104174,321
35.717937987999996,139.72612754,1723
35.610801314,139.7342672,399
35.692582642000005,139.75280142,943
35.681875368,139.80240128,746
35.671161475999995,139.77795740000002,393
35.680596166,139.71772596,559
35.678321667999995,139.76582201999997,991
35.605558576,139.6607282,981
35.58487538,139.71415118,1581
35.701999888,139.73185564,1622
35.655902100000006,139.5435746,2240
35.615365786,139.55448959999998,1468
35.674644806,139.76548136,1504
35.63965626399999,139.68576032,1634
35.709210592,139.81625272000002,478
35.66001103,139.69868058000003,1608
35.65678122,139.62575515999998,827
35.749090054,139.71885372000003,784
35.690952158,139.68516662000002,703
35.670292072,139.79745835999998,2280
35.723233516,139.72818516,1751
35.71653822,139.72024217999999,1893
35.65570431,139.69745870000003,105
35.68753830799999,139.7230955,1124
35.664206246,139.67249048000002,1119
35.69837577,139.7568282,112
35.62497706199999,139.7309841,611
35.599201208,139.67472876,268
35.654217192,139.69855288,1445
35.671689724,139.68960568,1605
35.704087336,139.67159324,1538
35.712229134,139.70455049999998,1464
35.67070467,139.71674352,432
35.741755704,139.63278928,2288
35.677932978,139.69492472,2241
35.708237270000005,139.52534350000002,1168
35.72690762799999,139.73630904,848
35.660082204,139.69802508,2036
35.76341979,139.73646784,834
35.691054902000005,139.75752694,1736
35.654151034,139.68379078,148
35.64556308,139.73048878,1856
35.712734139999995,139.81560076,757
35.705008846000005,139.68341412,932
35.7042677,139.69852123999996,2154
35.707125062,139.66262362,189
35.698700772,139.74108296,2282
35.683179566,139.74760434,640
35.647041384,139.72454843999998,889
35.693500103999995,139.68423374000002,54
35.56231672599999,139.56956208,253
35.678007102,139.76320572,851
35.717495443999994,139.74292631999998,544
35.68126235,139.72607026,1074
35.636746892000005,139.7251334,2127
35.700275739999995,139.72058916,1033
35.654512251999996,139.58080452,538
35.648438514000006,139.89486802,752
35.627955724,139.70813814,1223
35.72252376,139.72915075999998,1343
35.708599852,139.71601358,587
35.704555854,139.68884794,1377
35.662373032,139.7010875,173
35.68867426,139.72492477999998,1962
35.67045393400001,139.72607588,1368
35.741174982,139.71263779999998,1798
35.593719128,139.6142509,1340
35.670673365999995,139.67690178,363
35.712884596,139.77344478,2039
35.618707166,139.71976906,141
35.638752225999994,139.6819496,1815
35.660866276,139.79119616,1647
35.690075702,139.73515542,346
35.71956969599999,139.71951796,171
35.651307712,139.7388327,467
35.66398975,139.70581824,1330
35.69830629,139.55220758000002,1970
35.80274309400001,139.69606444000001,1127
35.684338106,139.66817018,1792
35.557680133999995,139.58163284000003,1954
35.617683899999996,139.68184166,2275
35.625183472,139.76133574,2030
35.613366658,139.64602752000002,1493
35.709156308,139.77959034,1823
35.677546662,139.76183474,2031
35.693341034,139.74341416,1573
35.68943228,139.73577542,1703
35.843713154,139.63705516,807
35.647601838,139.74515298,142
35.70321876,139.66779628,1873
35.726409712,139.67985661999998,526
35.571828484,139.55525011999998,1192
35.679270112,139.52417406,1047
35.664976754,139.74032591999998,272
35.636837946,139.66422058,1318
35.740480426,139.7528886,1220
35.611572134,139.68300754,1564
35.633020644,139.53324662000003,119
35.655710044,139.71341162,1869
35.686172778,139.59107868,2174
35.563839284,139.71191073999998,316
35.668183907999996,139.76888939999998,710
35.795968218,139.66716762000001,1429
35.738596028,139.71329014,1026
35.645753420000005,139.5328963,891
35.626605358,139.62414846000001,1156
35.742316607999996,139.74868179999999,675
35.701343428,139.57227018,812
35.760290608000005,139.70851865999998,227
35.67590712,139.52369828000002,339
35.66707133199999,139.7000718,1008
35.65603876000001,139.5404177,427
35.730576986,139.71274825999998,1045
35.618197676,139.64059818,1264
35.677808846666665,139.6982316,2028
35.603918578000005,139.73863794000002,1580
35.687742962,139.72940846,201
35.708232004,139.55687144,311
35.659096141999996,139.69175152,176
35.636188008,139.73467924000002,704
35.567982724000004,139.66411042,91
35.700796914,139.6060353,1812
35.699931224,139.74111774,136
35.696269603999994,139.7443424,965
35.623599798,139.75722723999996,2184
35.699251526,139.66179531999998,2254
35.679235622,139.81716882,707
35.69600579,139.70849930000003,2041
35.678479616,139.64143636,1673
35.664059359999996,139.6977169,2044
35.681224975999996,139.70215434000002,493
35.685369333999994,139.65638172,307
35.68706965,139.76086178,485
35.693713994,139.7762369,743
35.664682252,139.72102346000003,481
35.688786324,139.74515755999997,1333
35.70350464,139.71794864,1942
35.667067556,139.75833678,1299
35.700942158,139.72960443999997,2257
35.652451344,139.6824693,326
35.695274574,139.75657908,229
35.685527932,139.68393576,1590
35.550882640000005,139.70807266,1035
35.67877951,139.76982296,56
35.660092764,139.60966349999998,1517
35.662223354000005,139.75639336,1104
35.678330175999996,139.76186506,789
35.661061264000004,139.63023436,919
35.708258562000005,139.73859546,1260
35.656290986,139.75086968,1152
35.683070106,139.65342063999998,543
35.673274382,139.66603942,908
35.691269686000005,139.75821715999996,1945
35.705598044,139.78669562,1244
35.660374426000004,139.61845784,2129
35.699922666,139.64233679999998,1875
35.67301045399999,139.7059484,1582
35.657130364,139.67871595999998,2018
35.72334989400001,139.71487740000003,820
35.689414643999996,139.65180062,777
35.780557294,139.7858217,128
35.69346345,139.68144172,1082
35.678049588,139.65738596,364
35.68461698,139.76455632000003,609
35.710289418,139.77821864,14
35.75332166,139.73338822,1968
35.686780926,139.83856757999996,1565
35.670153228,139.78634535999998,2252
35.669461004,139.60761662,1940
35.67724275799999,139.64539445999998,95
35.66193368,139.69606751999999,961
35.671537842000006,139.71818193999997,1925
35.702047812,139.71815923999998,429
35.690870997999994,139.71925254,2263
35.68956814799999,139.69534728,1763
35.644771572,139.83176598,279
35.61432215,139.62794165999998,443
35.681711894,139.70738608000002,882
35.68953597,139.69042982,895
35.705088564,139.69029695999998,1983
35.76680535199999,139.73324822,910
35.708819332,139.78184054,242
35.529823794,139.69771578,2186
35.604474152,139.67245966,123
35.688386408,139.71528468,133
35.708702912,139.73984908,669
35.697473684,139.73050959999998,795
35.537576859999994,139.70574363999998,934
35.697719746000004,139.77988711999998,576
35.634086582,139.78976871999998,267
35.664194684,139.66249262,773
35.704809024,139.71876962,99
35.66883982,139.71511217999998,842
35.60775732,139.68440582,1837
35.80112936,139.56793496,600
35.76113114799999,139.79400672,25
35.623526036,139.71255074,1503
35.69768578,139.74148836,303
35.687042995999995,139.75145124,1004
35.652964512,139.7706842,1629
35.644716926,139.74551936,939
35.56975476,139.71037802,1142
35.698816586,139.61348053999998,1195
35.69326819,139.75943895999995,2068
35.65529210999999,139.6656506,1098
35.714405058,139.67197249999998,534
35.671837942,139.5898191,249
35.64530379,139.71409502,761
35.641676853999996,139.7330313,254
35.617246326,139.67765197999998,1679
35.683977748000004,139.78238358000002,1410
35.684133832,139.75890371999998,824
35.674924512,139.73054796000002,1805
35.700810264,139.67680826,1952
35.706330728,139.73457668,1948
35.724048252,139.69966341999998,715
35.636496806000004,139.70064372,977
35.62657592,139.69196775999998,645
35.674661122,139.78674738,1530
35.683659209999995,139.75910286000004,104
35.668941824,139.76159306,578
35.726731902,139.71573631999996,2189
35.661988322,139.73289622,1395
35.649318502,139.72385374,1813
35.659230698,139.72878074,1335
35.66340066,139.67407214,1543
35.692589178000006,139.59721136000002,1050
35.820295806000004,139.6757142,1963
35.697399098,139.65253509999997,446
35.659373922,139.7439134,909
35.684801686,139.65804368,500
35.64785445,139.55918146,218
35.692405478,139.75097854,417
35.693724628,139.76575097999998,2224
35.55992422,139.65876156,2247
35.59180335800001,139.7108181,974
35.544232074,139.64009923999998,621
35.559450438,139.64431932000002,1855
35.656125866000004,139.69187297999997,1908
35.760442323999996,139.79593242,579
35.709496708,139.74751518,750
35.695736648,139.7475492,1036
35.65770922,139.75622016000003,864
35.63888316,139.7229859,1461
35.667260301999995,139.72576356,685
35.736699404,139.69054726,309
35.703063271999994,139.53382158,1939
35.708008056,139.63395656,412
35.691229016,139.77482301999999,857
35.708329366,139.71528097999996,406
35.74735007400001,139.71036108,888
35.661475366000005,139.75626814,1665
35.669932206,139.77864512000002,497
35.65907061,139.72156948000003,1958
35.772593846,139.63175912000003,1933
35.614262642,139.67563168,82
35.706100809999995,139.62721158000002,1117
35.701577864,139.66998312,1671
35.691350979999996,139.68480585999998,1739
35.594475942,139.61704024,2100
35.619845036,139.67937918,181
35.6881236,139.73203139999998,238
35.685698364,139.71425936,2042
35.693532082,139.7175691,90
35.701578104,139.68512652,1681
35.6745081,139.76510258000002,553
35.674428084,139.71958496000002,2197
35.730813553999994,139.73622944,571
35.627608178,139.7011671,2207
35.700658786,139.77232786,875
35.685445526,139.76416002,1689
35.69498163,139.75406568,347
35.723973138,139.8129951,2120
35.755279264,139.75999866,511
35.679823278,139.76280521999996,1794
35.603780844000006,139.7414243,52
35.701340118000005,139.70746337999998,2128
35.706073864000004,139.684781,2239
35.679054461999996,139.71088214,643
35.648698098,139.76700352,1953
35.672988924,139.68843655999999,11
35.697063168,139.7583427,241
35.676362916,139.70841593999998,832
35.674332682,139.69870627999998,736
35.67834448,139.69775236,1450
35.666540734,139.75410447999997,1398
35.530923286000004,139.6996942,1771
35.645886344000004,139.73572764,739
35.64755589600001,139.61561636000002,1532
35.653641524,139.73585558,93
35.72276557799999,139.70599766,635
35.682794474000005,139.5724464,1742
35.633195388000004,139.6652406,1980
35.652695226000006,139.70214040000002,403
35.67227918,139.66809756,1628
35.576495699999995,139.67332535999998,1879
35.622843518,139.54061158,1687
35.726758928,139.62612986,1180
35.69361925,139.78524615999999,2161
35.68522667800001,139.69111809999998,127
35.665793926000006,139.70479142,2021
35.751861334,139.80538086,1542
35.599772898000005,139.69956802,1016
35.635192245999995,139.88136598,1154
35.730875266,139.72755951999997,618
35.648179106,139.64449492,1623
35.69158129,139.73488278,1575
35.726550950000004,139.62751939999998,2270
35.663543282,139.65109934,1290
35.736298086,139.80069898000002,1273
35.69661828,139.8076185,1951
35.692046618,139.75643982,1604
35.674612556,139.75219283999996,20
35.695760586,139.77046439999998,1921
35.665226686000004,139.63069453999998,1894
35.701780502000005,139.59781672,130
35.669791386,139.78041642,1839
35.715667878,139.6673783,1802
35.67836621,139.77097464,2226
35.717271396,139.73401348,1899
35.661743681999994,139.70460554000002,1613
35.694940394,139.78247933999998,1135
35.7230358,139.63946112,1242
35.548968874,139.70830648,319
35.567769858,139.71781636,1166
35.708597248000004,139.74522009999998,276
35.72110026200001,139.78170272,2230
35.691752388,139.78140324,210
35.63264839399999,139.718583,1544
35.695962646000005,139.55773359999998,1633
35.688857796,139.75683644,94
35.644713681999995,139.76557234,1054
35.550882886000004,139.68314554,490
35.663805044,139.73313435999998,1188
35.757462464,139.7770254,1254
35.611884796,139.73518891999998,1399
35.689304772,139.70179589999998,1534
35.663183092000004,139.74083106,860
35.659173710000005,139.56573394,1051
35.679923024000004,139.70236205999998,702
35.658968946,139.70268688,628
35.70257991,139.72474794,595
35.708033840000006,139.74649512000002,540
35.59457073,139.66537857999998,1653
35.579122686,139.66203448,2173
35.669388798,139.79495752,1846
35.684233457999994,139.70254798,603
35.723148847999994,139.72684679999998,1885
35.675491656,139.72235646,1659
35.646897966,139.69684908,1116
35.664178026,139.68322933999997,1593
35.638449636,139.89224508,1770
35.660370605999994,139.60976532,1498
35.681818684,139.79673548,1243
35.620375616000004,139.5489,1214
35.656560295999995,139.71043938,1228
35.714420755999996,139.70587116000002,1001
35.675854271999995,139.72874498,651
35.654831388000005,139.5477032,1239
35.574085106,139.71081425999998,157
35.699506547999995,139.65313327999996,1845
35.6908415,139.7814869,184
35.67202055599999,139.66281236,2292
35.65836048399999,139.69751707999998,327
35.693394632,139.69796256,937
35.744758870000005,139.69723692,1067
35.698350358000006,139.80221522000002,892
35.659276748,139.74744964,464
35.667128121999994,139.57962542,420
35.662259803999994,139.66904581999998,713
35.668418327999994,139.73770462,1434
35.697070732,139.73779459999997,2101
35.683770974000005,139.72265204,306
35.671929711999994,139.58630073999998,1946
35.701608772,139.71715312,1452
35.681674588,139.71962202,774
35.705308086,139.6885319,486
35.642982836,139.70755364,372
35.625098608,139.57240754,143
35.732749575999996,139.83432616,1358
35.664507324,139.75013324000003,788
35.688586664,139.71938526,670
35.700118936,139.77969334,1978
35.699237825999994,139.77344109999999,351
35.715803758,139.70858156,337
35.67298885,139.6294743,362
35.691126424,139.67297711999998,1374
35.541240699999996,139.70797574,2049
35.700369638,139.7589568,1285
35.69808653599999,139.63213748,1549
35.656869458,139.77755508,378
35.673411858,139.70242629999998,1708
35.690960002000004,139.73955936,688
35.662813474000004,139.74218420000003,2067
35.695667538,139.75749381999998,2130
35.684141926,139.76616462,259
35.739355332,139.75714284000003,174
35.676693968,139.64754286,1175
35.684966612,139.7096694,1298
35.688207442,139.7858113,50
35.669201124,139.71495518,1599
35.691036842,139.78140126,1160
35.697268988000005,139.73065186000002,247
35.695916497999995,139.75977544,987
35.644691675999994,139.61420406,1069
35.692132872,139.72219332,2072
35.666932609999996,139.6980865,374
35.678910496,139.7735846,1510
35.703352824,139.75556799999998,2082
35.690035436,139.76384005999998,48
35.685887088,139.6431605,182
35.613847674,139.5677459,1803
35.617556954,139.69821132,523
35.758744374,139.7323619,270
35.651726976000006,139.75247231999998,717
35.669181616,139.74016584,1090
35.648678256,139.68913954,1603
35.696840894000005,139.70268049999999,1068
35.68733797,139.71763239999999,1878
35.660003994,139.75295311999997,15
35.688335863999995,139.69128677999998,1720
35.665544798,139.65122776,505
35.631133792,139.690843,982
35.664938508,139.79187819999999,215
35.664734388,139.6923827,292
35.75984552999999,139.64288244,1490
35.726211484,139.73841922000003,836
35.670235552,139.68326380000002,574
35.712025396,139.77666635999998,1110
35.61092625,139.7480176,366
35.659366362,139.47969148,922
35.654322784,139.64659462,1909
35.570983714,139.6509587,1888
35.648460246000006,139.75033416000002,376
35.75627076799999,139.74740563999998,1563
35.67543450000001,139.72397836,2093
35.715654676,139.71184566,613
35.662496534,139.70138386,884
35.69991323000001,139.68594892000002,2061
35.69741403,139.75751247999997,844
35.712340674000004,139.79644482,942
35.718424832,139.5901089,637
35.610237476,139.73842613999997,1760
35.692999558000004,139.63384342,333
35.82825494,139.80227237999998,835
35.622888448000005,139.6882618,111
35.695554696,139.68507968,2271
35.721032466,139.73630242,1849
35.682149700000004,139.7515537,1553
35.690814526,139.77592213999998,320
35.725817934000005,139.71731322,1034
35.710919016,139.73154174,415
35.683999944,139.75487836,2245
35.700386836,139.7052319,1128
35.78185435,139.67536202000002,569
35.68396576,139.70756476000003,568
35.617523346,139.6766747,879
35.70860568,139.70775392000002,771
35.700187422,139.77327378,520
35.683122864,139.6996879,97
35.715599394,139.68830394000003,1586
35.683877266,139.66079711999998,596
35.669263885999996,139.62120111999997,1121
35.645297963999994,139.7645119,120
35.76574162600001,139.64656226,2238
35.634354074,139.75341768,1716
35.658134384,139.75362962,470
35.725584044,139.74552492,1451
35.680052178,139.7610075,1949
35.710911933999995,139.66786218,413
35.65687235,139.60811073999997,282
35.687935142,139.70320746,968
35.678237302,139.76642608,545
35.75120209200001,139.71539783999998,377
35.701877228,139.67343974,147
35.623102984,139.7185332,1652
35.557049924,139.5744439,1501
35.665409098,139.70983316000002,1485
35.71766551,139.70510527999997,532
35.68142171,139.77534268,606
35.712159688,139.69158815999998,1508
35.638080752,139.6084248,966
35.755747884,139.82936644,194
35.681144774,139.70053336,1889
35.65979499,139.72947992,1046
35.700633642,139.59511064,1998
35.670632164000004,139.75325262,1896
35.685938296,139.72759815999999,1366
35.698566388,139.75825806,2108
35.661966570000004,139.69076444,708
35.674126868,139.69307682,38
35.734642198,139.67274118,2019
35.692753966,139.77129100000002,2268
35.70793415199999,139.71917553999998,2233
35.686657684000004,139.76576113999997,2213
35.615533140000004,139.71703034,1754
35.685362486,139.74578182,186
35.667025644,139.75670864,901
35.704215304,139.71607185999997,2272
35.649361976,139.69560811999997,1136
35.663428866,139.66769288,1112
35.67914923599999,139.75171898,4
35.75206799,139.59458516,998
35.67747425,139.54428816,1417
35.810541271999995,139.69335264,1234
35.76167295999999,139.7196003,1867
35.65694383,139.72378845999998,1380
35.699165654,139.77308009999996,2171
35.68594372,139.70298638000003,2017
35.67112401999999,139.761701,975
35.692596572,139.72995210000002,811
35.643983778,139.73324232,2069
35.66163269,139.73651968,1959
35.552175668000004,139.57771702,389
35.771087654,139.73917322,1150
35.631690382,139.72251278,692
35.650555598,139.6896576,2005
35.646049405999996,139.74136078,566
35.739456672,139.69064102,1339
35.675832164,139.76879653999998,2094
35.650719748,139.75379536,861
35.662040864,139.76963501999998,2182
35.680944476,139.76269097999997,367
35.675529561999994,139.71383586000002,1063
35.746959233999995,139.83023848000002,1364
35.714575020000005,139.72882408,1597
35.686946444,139.77315216,709
35.739653476,139.71513471999998,83
35.648848539999996,139.72935978,355
35.709745311999995,139.7789788,1133
35.728407960000006,139.77126168,474
35.68617767799999,139.73680158,495
35.661520524000004,139.63893338,1882
35.65525048,139.65913196,2137
35.651760352,139.69297076,1758
35.784011116,139.79111234,1923
35.56724085399999,139.62262328000003,1085
35.632254054,139.68845714,1286
35.627384114,139.5553875,209
35.62110418799999,139.67018744,442
35.654624686,139.54331628,245
35.672251078,139.79874348,1572
35.633045906,139.69892951999998,1728
35.62009690800001,139.69441832,1574
35.720578857999996,139.66600739999998,1157
35.680331124000006,139.70457606,1289
35.736795392,139.64818386,1421
35.59006556,139.73994448000002,760
35.60345324,139.61317004,1926
35.603051134,139.66489308,980
35.740168136,139.73920830000003,1741
35.668192206,139.75297902,664
35.709264229999995,139.77701936,1955
35.715977695999996,139.74896312,985
35.639269444,139.82359572000001,1334
35.671426314,139.73937692,2057
35.627839793999996,139.70125792000002,1779
35.617556888,139.73975512,150
35.679372267999995,139.69902883999998,2008
35.710248922000005,139.64878762,1030
35.690708582,139.70067079999998,1275
35.739801258,139.68849817999998,1862
35.649191328,139.78120536,590
35.7021025,139.54885829999998,2170
35.68887756400001,139.73545506,295
35.610219138000005,139.68845189999996,1111
35.719508731999994,139.71177312,1969
35.645411058,139.75395358,602
35.705374062,139.79868846,2123
35.75795129,139.85769394,1691
35.649570224,139.75336892,1715
35.651971927999995,139.70529654,730
35.561641994,139.64881197999998,217
35.672095490000004,139.7103174,1632
35.722744574000004,139.59178548,755
35.707362360000005,139.74303096,164
35.667887582,139.61956711999997,954
35.618573312,139.71962256,1369
35.71023708,139.80270462000001,976
35.701189496,139.70298240000002,1061
35.67698007,139.71752614,2231
35.611630842,139.60681821999998,101
35.721734914,139.71284401999998,555
35.688945052,139.68934572,2079
35.69129582,139.75920408,1470
35.637834458,139.67433762,122
35.641399128,139.7044623,341
35.707409176000006,139.70041774,912
35.69568828,139.73640185999997,1153
35.686684118,139.76001128000001,654
35.672627604,139.73967372,228
35.708256256,139.77651728,2144
35.691720678,139.71220152,7
35.739657328,139.7065258,335
35.662751786,139.57525239999998,49
35.707748615999996,139.71938111999998,1755
35.694249724,139.77638234,1449
35.637056528,139.73396155999998,117
35.699641326,139.6563341,2004
35.574616122,139.64179876,216
35.671172158000005,139.71880554,1348
35.736194788,139.73377576,906
35.594553132,139.68670728,1546
35.661565519999996,139.74099002000003,140
35.686381478,139.77550284,801
35.705252431999995,139.72197316,469
35.623994761999995,139.7243644,283
35.677157824,139.69315511999997,2099
35.616315234,139.72515362,491
35.693672786,139.71444609999998,288
35.715511014,139.76510251999997,1776
35.686310651999996,139.74088716,1000
35.745225464,139.64881672,220
35.620473438,139.66889054,286
35.668874466,139.72862966000002,387
35.65311111,139.7396382,759
35.70209242,139.53929813999997,1196
35.676641722,139.71011098,139
35.60883182799999,139.74117099999998,1936
35.678177708,139.72755458,810
35.683427314,139.74709325999999,1281
35.662849334,139.70382936,1890
35.681105689999995,139.7539435,76
35.707699414,139.75525195999998,2155
35.68871571,139.75747231999998,1247
35.703391498,139.79268701999996,255
35.705495584,139.72629668,2281
35.752978736,139.77830312,1478
35.64615052800001,139.70277704,305
35.602239822,139.66899072,239
35.701112326,139.6751272,565
35.681859238,139.68603976000003,2010
35.68088890599999,139.68251546,1219
35.681676804,139.77567533999996,2007
35.773664554,139.78680054,1523
35.694213408,139.78281353999998,1279
35.653560752,139.71977873999998,762
35.689355123999995,139.75492948000002,518
35.657977776,139.70534319999996,2264
35.676375352,139.75315282,68
35.71899868,139.83648362,235
35.68499903,139.76963018,1375
35.664574328,139.72060650000003,1314
35.703306,139.76050047999996,2176
35.687588432,139.71263266,1859
35.803387416,139.72583118,262
35.616918736,139.71219278,672
35.55681175,139.66899161999999,2216
35.69411441199999,139.7168814,78
35.659802272,139.7067278,724
35.691790802,139.81219363999998,1692
35.685140172000004,139.74987366,780
35.595886457999995,139.57380526000003,1204
35.701630142,139.73171268,1044
35.66976105,139.7316665,913
35.610043864,139.69401566,1288
35.677345022,139.71291671999998,340
35.623190732,139.66421898000002,39
35.629411231999995,139.71718524,1295
35.691243306000004,139.74792903999997,2114
35.688108774,139.7780677,1
35.635525176,139.69550948,1854
35.628700935999994,139.5540995,956
35.618484734,139.62901394,751
35.76210467,139.79600752000002,1006
35.671998982000005,139.6740644,1904
35.697976462,139.75800558,398
35.663127542,139.72413304000003,2055
35.79327637,139.69151591999997,1834
35.738598692,139.76589954,594
35.6200076,139.70245961999998,1835
35.67200558,139.69297820000003,1718
35.68570194000001,139.75868246,995
35.701338392000004,139.76495670000003,1864
35.72142527,139.69181982,548
35.704085897999995,139.73732242,414
35.68547134,139.69374636,2016
35.646583473999996,139.69507494,1446
35.731090328,139.73072201999997,1165
35.654448998,139.63526386,2080
35.755990057999995,139.78318148,2209
35.708452548000004,139.69584184,353
35.699688419999994,139.77197913999998,1897
35.717637157999995,139.69788934000002,1025
35.660116957999996,139.73997463999999,1570
35.711076382,139.47906790000002,1456
35.676277618,139.73070456,360
35.714482804,139.73348470000002,1139
35.793806112000006,139.69876485999998,898
35.527999478,139.62234701999998,1985
35.64692355,139.74586577999997,521
35.656823616,139.74257148,1091
35.53619045399999,139.69658018,257
35.79232032,139.69149271999999,887
35.684833047999994,139.74069139999997,204
35.666989038,139.75993866000002,1171
35.607656047999996,139.72403214000002,258
35.725742378,139.76473068,1624
35.72676099,139.68863022,787
35.702611748,139.81553656,622
35.564818722,139.65996698,1408
35.657805624000005,139.72158084,1502
35.697449899999995,139.7991997,1744
35.601316166000004,139.71539152,2228
35.693553724,139.67032992,927
35.728154081999996,139.72533954,679
35.723019662,139.72720728,1250
35.703935517999994,139.5929599,1975
35.751547964,139.69463498,121
35.690344884,139.61902600000002,1115
35.679296982,139.70136602,2242
35.64338429,139.63725512000002,370
35.688272749999996,139.77765076,2227
35.68838553,139.69159676,813
35.63910813,139.73800448000003,552
35.633620564,139.66145709999998,2169
35.686652108,139.75543172,786
35.655456785999995,139.84210486,1163
35.703074036,139.78497234000002,88
35.71661406,139.77858286,1065
35.65441173399999,139.54304858,296
35.702539030000004,139.75993438,899
35.67308767,139.73965926,573
35.69142697,139.71269714,1075
35.6794532,139.72966428,607
35.685637666000005,139.81006137999998,134
35.668947794,139.78233555999998,1159
35.71877522,139.72760616,1270
35.699198112,139.77205758,905
35.68310776,139.7241955,445
35.691166012,139.72507474,1797
35.668240038,139.78090939999998,1748
35.714367253999995,139.71123042,798
35.651437202,139.62104874000002,1174
35.691737214,139.7568941,2143
35.555691596,139.7243821,1756
35.622486077999994,139.70868005999998,2111
35.686327975999994,139.63552502,2160
35.670002662,139.78431438,334
35.62824167,139.74093924,1971
35.63257537,139.7012756,1101
35.647821598,139.69550958,2146
35.720537932,139.69567128,986
35.703253684,139.7460207,460
35.678931172,139.73316444000002,46
35.686852384000005,139.69414634000003,2220
35.732600475999995,139.73699907999998,274
35.684250426000006,139.76106382,1539
35.685082509999994,139.72133329999997,484
35.657667489999994,139.70621966,1886
35.740266848,139.79728310000002,802
35.747763080000006,139.6259005,684
35.699625528,139.7715589,828
35.609589664000005,139.68498226000003,1651
35.68550675,139.68986667999997,2200
35.692328384,139.67627464000003,208
35.665373776,139.86467901999998,1786
35.669050282,139.71809706,73
35.695667758,139.7158018,1356
35.674822552,139.77200054,2149
35.717620542,139.70827124,1832
35.70224219000001,139.75255987999998,1977
35.683229222,139.64171919999998,2210
35.705452408,139.6751509,256
35.664343614,139.63063244,673
35.676660422000005,139.76342214000002,2147
35.662065240000004,139.71803402,222
35.564474354,139.69682214,2168
35.663243662,139.72067398,1460
35.691060784,139.79645779999998,1594
35.773965056,139.69946248,297
35.661847938,139.57513564,558
35.739404404000005,139.64408292,1028
35.70154823400001,139.75973312000002,1515
35.651463039999996,139.72926798,312
35.668391436,139.75046013999997,1596
35.700948356,139.52117406000002,962
35.65485433,139.68987558,2165
35.651224268,139.73262322,944
35.70946429000001,139.77971752,598
35.695501746000005,139.71861719999998,1211
35.687826908,139.68949863999998,2180
35.668069218,139.7739948,1413
35.697746092,139.72248402,2201
35.704888092,139.68824289999998,382
35.674677472,139.58333946000002,2126
35.727860162,139.66015609999997,1419
35.687648634000006,139.71897467999997,441
35.690024455999996,139.69930584000002,404
35.735257845999996,139.71990588,1915
35.697922911999996,139.7559057,2071
35.721965782,139.63246188,855
35.681464426,139.58625024,154
35.676988292,139.73739257999998,1005
35.687728056000005,139.72648298,732
35.700636603999996,139.82899118,2089
35.663106268,139.66746454000003,897
35.702532702,139.77346204,12
35.652694642,139.71490574,1347
35.705485974,139.7048009,77
35.72301651,139.72062283999998,1107
35.718284358000005,139.69198509999998,818
35.69122857399999,139.78443604,748
35.668932915999996,139.70207722,2246
35.665281324,139.7014255,110
35.722752119999996,139.69093743999997,2203
35.702145322,139.76473430000001,1080
35.693197346,139.77739154,1293
35.746381588000006,139.68814619999998,758
35.726920438,139.80820903999998,1191
35.666424296,139.75736111999998,195
35.724207202,139.5925815,107
35.651276604,139.70629004,1759
35.675103538,139.68433199999998,2206
35.705271502,139.57098603999998,79
35.722410622,139.65200896,1077
35.808455532,139.70509566,1696
35.623993636,139.73989236,289
35.631813916,139.74434833999996,33
35.57130737,139.58091424000003,633
35.7814294,139.66976798,2048
35.638936136,139.67982936,373
35.655412266000006,139.56293580000002,1620
35.69570831,139.77112662,1730
35.674899016,139.69495694,129
35.687697895999996,139.71136674,1791
35.784602717999995,139.73025434000002,2052
35.668486978,139.72887362,1725
35.659295615999994,139.89025698,2024
35.705535618,139.70182498000003,2131
35.63884315199999,139.62306244,592
35.66361088199999,139.70138504,747
35.627493627999996,139.67868946,1993
35.625640154,139.75760222000002,1868
35.684606668,139.7980729,711
35.577430164000006,139.72310178,479
35.713918868,139.78620873999998,564
35.694209846,139.75872981999999,2142
35.613908341999995,139.75970116,533
35.714664888,139.74294301999998,914
35.72667892,139.6534358,1465
35.68411896599999,139.73523543999997,938
35.674412996,139.7613162,945
35.702104378,139.73178222,1297
35.653801198000004,139.63708326,1422
35.741682688000004,139.5483361,1176
35.705428864,139.70416632,1155
35.688898998,139.70472228,489
35.67840966,139.67620724,1700
35.665649812000005,139.6115524,629
35.699375704,139.7719919,1245
35.701133544,139.77534867999998,1680
35.72472389000001,139.74554108,623
35.712587644,139.77356220000001,1526
35.68792046,139.66917268000003,1420
35.619822033999995,139.72855646,313
35.705351584,139.62292997999998,1814
35.682969648,139.7556392,1731
35.59174921,139.6224516,163
35.735126308000005,139.71826026,1049
35.590694778,139.7891803,1207
35.71435525,139.73169969999998,1209
35.814071905999995,139.65751405999998,854
35.670999026000004,139.80227154,1661
35.785530556,139.61006598,1237
35.63927485200001,139.71912576000003,1577
35.695230434,139.72129158,529
35.688339362,139.78413724,1695
35.67100685,139.72227263999997,1212
35.617696523999996,139.7476657,381
35.597147604,139.68848685999998,772
35.788007457999996,139.66468018,657
35.72354973,139.75155504,1606
35.69728519,139.66724638,2229
35.652332861999994,139.71889914000002,411
35.703044606000006,139.76966141999998,796
35.663920454,139.7483816,605
35.699150344,139.54715324,66
35.693611922,139.76072768,1199
35.70204622,139.73757396,400
35.645010666,139.62572344,1238
35.69063920799999,139.77614780000002,405
35.68079547,139.73704704000002,1083
35.673868662000004,139.73116083999997,344
35.694553582000005,139.78598907999998,2066
35.693895388,139.78399952,1752
35.582886262,139.64827277999999,1407
35.622097384,139.7317695,880
35.749896974,139.73092808,878
35.721439378,139.71957634,350
35.769102280000006,139.61980526,735
35.673363954,139.73093342,1569
35.57374328,139.55652336,902
35.66481854999999,139.60362988000003,1997
35.631351446,139.79462934,1626
35.608465118000005,139.53866104000002,1257
35.57909799,139.70611488,1184
35.62788208800001,139.73562948,1487
35.612109948,139.66432647999997,522
35.611049356,139.72098269999998,1525
35.709029285999996,139.71825176,668
35.635836340000004,139.58041084,1705
35.817429056,139.79083896,1113
35.708805642,139.77991972,1655
35.730439677999996,139.80446222,1253
35.790246714,139.6174509,1179
35.683391893999996,139.75983122,102
35.655110416,139.77192888,723
35.6045431,139.63210714,2138
35.67280788,139.7345423,421
35.749506344,139.69804792,510
35.716272884,139.71095634,383
35.586019954,139.66127474,1670
35.720206564,139.64833596,1271
35.702613371999995,139.75666932000001,2266
35.672954577999995,139.79738646,1576
35.706833214,139.70180606,1137
35.726755696000005,139.65111206,1636
35.69404390799999,139.66171631999998,896
35.700841414,139.72642824,1011
35.699349114,139.77119926,178
35.63372854,139.53141983999998,437
35.595675555999996,139.71131622,814
35.671164252,139.72729854,1406
35.664344762,139.7674887,993
35.7231854,139.67506942,1614
35.750881494000005,139.68250984,1986
35.70619644,139.7225005,2032
35.666056966,139.73215984,1698
35.69813916,139.77261968,1291
35.718771696,139.72086376,719
35.684410242,139.70157297999998,866
35.705652183999995,139.74599445999996,1203
35.669912562,139.65897658,1558
35.65427140600001,139.74196777999998,588
35.586578552,139.68365676000002,162
35.664324934,139.61060673999998,1831
35.701004824,139.71965372,2215
35.680246832,139.74032904,952
35.678754312,139.68955302,185
35.694184834,139.63252232,1947
35.68873347,139.7510853,395
35.771283548,139.72959084,1920
35.639194996,139.60280458,1105
35.62478170199999,139.71772116000002,2221
35.66389401,139.73304344000002,1827
35.710445042,139.72021507999997,24
35.650802303999996,139.67991956,1202
35.682491122,139.72326248,1615
35.656726882,139.63495319999998,1435
35.659894534,139.7050007,546
35.683439064,139.70876656000002,1929
35.68245081599999,139.75770772,1683
35.645723227999994,139.74492918,2119
35.667047482,139.84192166,1507
35.706496132,139.70346392,98
35.720768346,139.69909056,817
35.648140464,139.6293526,424
35.73442136599999,139.79719503999996,764
35.690506088,139.47857213999998,671
35.634215194,139.71259014000003,2040
35.664757938,139.83144013999998,1342
35.6962057,139.67925655999997,16
35.668523178,139.75655786,608
35.669565476,139.74274204,71
35.710771320000006,139.74336094,843
35.684205858,139.76151122000002,783
35.637515959999995,139.58405413999998,1443
35.70564509200001,139.75970716,1378
35.684483106,139.77751528000002,1627
35.749891348,139.67165459999998,396
35.67000103,139.7853236,2285
35.695972139999995,139.70490420000002,428
35.712755791999996,139.78011382,251
35.718834290000004,139.7209007,2096
35.667384868,139.73317312,2098
35.664151884,139.727557,463
35.704067335999994,139.79446794,2289
35.618978661999996,139.77122804,1778
35.662756652,139.70316552,2276
35.687560812,139.69245687999998,388
35.7031581,139.70334445999998,1625
35.661104523999995,139.74352789999998,513
35.675742312,139.71924421999998,1459
35.634022892000004,139.58060636,1141
35.65330958,139.7603068,1870
35.69255751,139.69948856000002,858
35.640942092,139.75957176000003,1017
35.684345898000004,139.69246016,131
35.706388638,139.6699158,1994
35.623646504,139.75238942000001,1287
35.716654991999995,139.65496574,1014
35.655842204,139.714983,206
35.659808565999995,139.74106167999997,2196
35.624336275999994,139.69510428,731
35.688777726,139.69633614,946
35.688052662000004,139.68462182000002,106
35.710866577999994,139.7761946,196
35.616113654,139.70961044,969
35.63465147,139.65857792,2064
35.690303768,139.72384868,2208
35.5750481,139.60890484,1307
35.653684397999996,139.74436804,797
35.6774373,139.81374332000001,1682
35.640498300000004,139.72275538,528
35.691891546,139.71078394,1602
35.695241918,139.66298804000002,457
35.690234568,139.7617812,416
35.636730976,139.63451406,1319
35.644458828,139.73511621999998,1122
35.772687866,139.64525976,1562
35.650609856,139.74315038,2078
35.53799503,139.7401441,170
35.68727010799999,139.75557088,31
35.651087966000006,139.69143667999998,2255
35.641108824,139.70321375999998,1639
35.703855680000004,139.74528518,1032
35.53729861000001,139.70404036,203
35.68851621,139.65234388,2225
35.694204312,139.73320664,660
35.56634976,139.6711233,537
35.693064772,139.74812166,2279
35.682639842,139.64544358,2122
35.709002804,139.65053228,1900
35.613089970000004,139.71775888,2074
35.646236148,139.7451673,213
35.701709518,139.73460988000002,291
35.72086341,139.7831812,816
35.699203208,139.77173336,791
35.742722516,139.74180099999998,2014
35.71210012,139.7234879,466
35.630375294000004,139.73540904,1359
35.704564708,139.72000813999998,28
35.703847202000006,139.76190565999997,648
35.668364149999995,139.71134214,740
35.670911927999995,139.75869922,43
35.680188980000004,139.6807136,248
35.678146823999995,139.7973221,85
35.68952643,139.78264629999998,1430
35.600838788,139.7324326,631
35.70597095000001,139.74599804000002,2076
35.704984732,139.74144149999998,1071
35.794547136,139.72028082000003,580
35.695637878,139.60505566,794
35.662148284,139.77631662000002,2291
35.676640006,139.62736556,462
35.688780728000005,139.73016948,2166
35.783669079999996,139.7275957,1780
35.650606024,139.54236840000002,1898
35.680327502,139.7555027,636
35.557396478,139.61415732,1601
35.697782944,139.74433199999999,408
35.694892404,139.75982965999998,646
35.681985126,139.61289236,1806
35.603320138,139.7469309,1992
35.650152956,139.7364137,1274
35.71005847,139.72182566,933
35.685501158,139.72312204,2251
35.690919154,139.68472968,1310
35.63757263,139.68378376,2133
35.655834354,139.70007036,345
35.634546686,139.62954001999998,1956
35.683880531999996,139.6786939,2193
35.699460414,139.77225488000002,1694
35.68478775199999,139.69894398,964
35.693841334,139.77626726,1684
35.687236266,139.7119796,883
35.632251933999996,139.71929614,2095
35.682541162,139.74933228,1598
35.584750782,139.70873552,2202
35.671432136,139.7001675,352
35.732104866,139.75414006,949
35.698840256,139.68405511999998,1824
35.669830993999994,139.74156491999997,246
35.628214963999994,139.68581338,1775
35.72496614399999,139.51195763999996,1305
35.651925272,139.67639419999995,290
35.702199088,139.7488745,862
35.686848668,139.69857078,1785
35.658287164,139.79302758,2053
35.58922068,139.7141352,125
35.671582022,139.70136235999996,1292
35.70228184399999,139.72023708,1019
35.615083426,139.63736838,1126
35.705674042,139.76304276,438
35.729737,139.75100058,1225
35.71774267,139.71265985999997,1702
35.632339408,139.75980636,1312
35.680533498,139.7425689,1177
35.64196408,139.7101061,1848
35.70376116800001,139.79910384000001,501
35.710917968000004,139.81162025999998,277
35.755964498,139.69665068,915
35.655778651999995,139.81189,2195
35.692360631999996,139.67649428,1448
35.717639962,139.72332802,1943
35.724229492,139.7323134,1424
35.721509536,139.75704548,273
35.68136882,139.70024268000003,2009
35.682862258,139.69733043999997,1315
35.672007236,139.75213833999996,2084
35.622607062,139.70468034,1810
35.763508626,139.8105636,1023
35.709677208,139.69712778,2117
35.78979558,139.70678209999997,1258
35.69549791199999,139.7717162,1816
35.636077736000004,139.7285293,829
35.817110830000004,139.6111704,1439
35.658126702,139.65751347999998,647
35.693557188,139.73095798,1631
35.61394067,139.73580184,1394
35.659008656,139.71783774,1556
35.693235484,139.6838955,22
35.681187796,139.76614131999997,1256
35.643022168,139.75600506000004,2107
35.695024106000005,139.77458162,572
35.699087852000005,139.77199937999998,304
35.621011438000004,139.5560466,1363
35.666765118,139.78201122000002,582
35.683571558000004,139.67220595999999,2261
35.68903659,139.75180265999998,911
35.606311556,139.61926836,1592
35.724177776,139.72071786,1227
35.737892798,139.71137128,30
35.730478086,139.65922696,1972
35.698036602,139.7143725,1927
35.69784224,139.74355476,2001
35.64562341,139.65302276000003,1674
35.58820634800001,139.6522678,2188
35.587863924,139.76292654000002,1455
35.694858138,139.80238695999998,716
35.557946834000006,139.68836314,2181
35.70062608600001,139.77065921999997,473
35.668849363999996,139.70178498,859
35.627534142,139.77442231999999,1440
35.647537294,139.81529956,2159
35.56545148599999,139.69172541999998,1095
35.66224922799999,139.70979459999998,1910
35.661707897999996,139.77108886,567
35.655398958,139.70108807999998,1522
35.70276002199999,139.76358024,1263
35.754195954,139.61349276,1984
35.669537928,139.82090926,800
35.689761921999995,139.65958256,2002
35.673566208000004,139.76787054,1762
35.65726935799999,139.70050772,1109
35.700028968000005,139.6957562,1496
35.6633232,139.57110892,1057
35.617735370000005,139.73637886,1668
35.739392384,139.73544148,1125
35.685884228,139.7456588,1781
35.659698494,139.75275870000002,1282
35.66995765,139.75606106,2223
35.71008849,139.73434989999998,1178
35.670502254,139.78656798,2249
35.64735383200001,139.71419552,551
35.643761952,139.75018849999998,1583
35.685596585999996,139.63513526,923
35.623682540000004,139.77439483999999,2113
35.73861468599999,139.75228321999998,359
35.690016074000006,139.7176128,2248
35.654577808,139.54360514,281
35.705639906,139.77576024,1817
35.663478659999996,139.73403492,512
35.667789794,139.7276679,744
35.697980312,139.72447696000003,541
35.638664898,139.77831968,1130
35.616470156000005,139.73028212,506
35.669118874000006,139.68325123999998,1294
35.66181589,139.69704475999998,310
35.71491489,139.78059078,1230
35.717433322,139.73545788,597
35.694150711999995,139.75693429999998,205
35.762838814,139.76934666,167
35.676250061999994,139.7234044,193
35.675760337999996,139.74502786,2102
35.698425334,139.6859016,973
35.677499129999994,139.72854707999997,338
35.759108694000005,139.67701187999998,1208
35.699250914,139.77268224,821
35.650848274000005,139.76714288,451
35.701242609999994,139.78425822000003,1432
35.67615284,139.74776688000003,2139
35.700072895999995,139.68041654,2148
35.664036974000005,139.77513272,2118
35.641584522,139.83603674,1630
35.756891452,139.85345304,2104
35.71836602,139.81136169999996,2091
35.551692698000004,139.69871844,224
35.69178848,139.82203436000003,1249
35.67817359199999,139.77201466,967
35.609486648,139.7378629,1818
35.67978590599999,139.69136874,2135
35.670470644,139.76667984,792
35.680007934,139.7704898,2081
35.691745254,139.74301528,865
35.730167048,139.68793676,1467
35.677832748,139.72515964000002,1278
35.679091961999994,139.72315669999998,718
35.748288394,139.71575756000001,152
35.694855538,139.73847561999997,448
35.735870944000006,139.78253292,1567
35.686384488,139.7056028,1447
35.742781526,139.74008089999998,328
35.663961474,139.69803096,1073
35.67220403,139.81827522,691
35.554049564,139.58009529999998,1118
35.698024933999996,139.69734683999997,1749
35.6694869,139.61625026000002,542
35.527988164,139.70039506,240
35.675253768,139.73129572,103
35.562836880000006,139.71424087999998,1521
35.689704776,139.80829383999998,1840
35.652962560000006,139.62721133999997,475
35.700114042,139.77183043999997,1773
35.694349781999996,139.77066355999997,1266
35.736310884,139.80736352,768
35.620875913999996,139.66614728000002,32
35.711134876,139.7602621,480
35.76865483,139.80313444,380
35.699390226,139.54999684,2244
35.623587048,139.6724317,1787
35.748636907999995,139.77397976,2232
35.610301992,139.73457062,2269
35.668958762,139.76822304,681
35.68552853600001,139.77619699999997,1024
35.699310884,139.70723403999997,2205
35.662195976,139.73111324,570
35.712237676,139.70230003999998,1371
35.743211976,139.68090984,1269
35.651182066000004,139.64588424,1436
35.703875572,139.74874164,1022
35.683436264,139.69710486,1039
35.684711146,139.70700860000002,1131
35.679318664,139.76504754,2265
35.696315182,139.77964388,84
35.552862614000006,139.72695806,1331
35.58676626,139.66066864,1280
35.661626154,139.57212862,407
35.71735355,139.7272715,1185
35.67285186,139.73227958,2051
35.669856222,139.63909153999998,1015
35.70751417,139.69582932,166
35.646660759999996,139.72540383999998,2124
35.717159252,139.75759856,726
35.71767091,139.71752396,436
35.776409924000006,139.72282916,990
35.684378886000005,139.74624681999998,2162
35.668046046,139.7539524,1675
35.741372932000004,139.82582304000002,323
35.73442567,139.62141232,1641
35.682204594,139.79297457999996,815
35.711998342,139.68503506,234
35.632819444,139.66126546,1901
35.649220129999996,139.72660054,2141
35.767545954,139.68961944,1144
35.635396410000006,139.71100614,940
35.687855144000004,139.69515996,1666
35.693581772,139.71514518,1099
35.678565526,139.77523312,638
35.649815739999994,139.54207342,994
35.708028502000005,139.75108455999998,402
35.732464242,139.70664624,2152
35.633804012,139.59629037999997,450
35.653358960000006,139.671137,2194
35.605097692,139.66209669999998,890
35.658531538,139.74502774,1579
35.82419373999999,139.69261555999998,642
35.723358438000005,139.76459302,1236
35.623615427999994,139.74612446,1588
35.6231141,139.51563535999998,1554
35.722011929999994,139.7208685,1183
35.637865698,139.50884496,1511
35.678690855999996,139.6631673,298
35.629263507999994,139.68744342,1072
35.682745804,139.68053586000002,453
35.671624262,139.69185546,1401
35.651860418,139.69480354,1645
35.655580078,139.68283386,662
35.682282526,139.74526892,793
35.69759412,139.61388474,1619
35.638201896,139.74424916,1102
35.697807642,139.67182626000002,1609
35.710077258,139.7705321,1551
35.68065738400001,139.76717702,674
35.699250244,139.77108905999998,877
35.699239121999994,139.5657971,1169
35.69204971800001,139.79596497999998,1145
35.63494134,139.7321316,2029
35.668041206000005,139.74779568,856
35.613478832,139.57604866000003,1361
35.703946892,139.75928366,293
35.646810558000006,139.70791962,1403
35.561215956,139.7172066,661
35.707805616,139.51498980000002,2132
35.697928298,139.60404868,2219
35.538703178,139.68451622,1444
35.730994072,139.72617806,1850
35.7055142,139.87457058,1426
35.693851710000004,139.7295414,776
35.692357854,139.74536468,169
35.702650044,139.77235635999997,971
35.673649921999996,139.75418114000001,2157
35.696411178,139.76321332,5
35.640082194,139.74267781999998,687
35.795567916,139.71144188,89
35.65588757,139.74160991999997,1757
35.701039228,139.69486998,269
35.695789798,139.73621143999998,989
35.687928844000005,139.7638285,1475
35.653949912,139.71449769999998,47
35.659894598,139.77159790000002,1252
35.70991832,139.6991894,384
35.668127692,139.7776463,317
35.77560966,139.81521433999998,1433
35.707430666,139.75017767999998,2237
35.62134211,139.67544338,2106
35.666675528,139.72888831999998,1548
35.693108236,139.64312639999997,1469
35.66432543,139.72723082,852
35.692416958,139.56253934,1149
35.614802038,139.7372249,1200
35.572896966,139.70210678,1164
35.810651615999994,139.64029769999996,10
35.80388258,139.71578529999996,870
35.642682416,139.71496156,1093
35.70641746,139.57315613999998,1213
35.660617890000005,139.69214010000002,1415
35.648323477999995,139.61107392,1482
35.608954144,139.70861382,1649
35.677701416000005,139.61072459999997,108
35.655926214,139.65774058,1003
35.687412374,139.66235302,132
35.695663356,139.66340954,180
35.637541712,139.59685503999998,1457
35.617103371999995,139.70205479999998,35
35.67918684,139.76319088,1747
35.65148698,139.53867824000002,1259
35.65497935,139.72741839999998,1934
35.669360704000006,139.75869331999996,1316
35.789009068,139.7056251,198
35.63349801,139.71982322,1902
35.797357492,139.62815720000003,614
35.67266591,139.68056882000002,34
35.694178812000004,139.73707422,1404
35.561321901999996,139.7228382,658
35.763605150000004,139.65121308,1235
35.627511672000004,139.7394458,665
35.728821426,139.75204028,871
35.696151702,139.75539066000002,419
35.63377223,139.7414602,1911
35.686121302000004,139.70076639999996,2256
35.699006878,139.77277099999998,45
35.710745504,139.6103032,440
35.666122988,139.74881814,2050
35.694996506,139.72491759999997,1306
35.667030128,139.61057246,1874
35.662278842,139.7282352,2013
35.552648407999996,139.7026844,153
35.71098936,139.76661679999998,983
35.707720388,139.75044734,1172
35.66563721600001,139.78859096000002,447
35.69822241200001,139.64529996,531
35.597709598,139.71391364,356
35.693294738,139.7050444,1489
35.715020943999995,139.78789016000002,554
35.699179424,139.7725191,706
35.661846916,139.74599207999998,930
35.674428098,139.70922765999998,1337
35.6647142,139.85005184,74
35.652437578000004,139.70320544,2293
35.690765748,139.66307142,1473
35.65964547,139.584871,1584
35.626370066,139.6805509,1863
35.697696007999994,139.64365292,850
35.697011844,139.70458025999997,1221
35.661239968,139.67647166,1197
35.681448720000006,139.75978709999998,1657
35.704458962000004,139.78046048000002,1397
35.710438933999995,139.72768818000003,1559
35.585590192,139.78219178,659
35.695502992,139.67414279999997,1536
35.687452798,139.697374,1272
35.667636034,139.72329738000002,1717
35.667866066,139.70709068000002,2283
35.710391432,139.79280953999998,1201
35.69316224,139.75601164,1841
35.77693151,139.60986464,769
35.668740622,139.67548628,1656
35.591604997999994,139.71604162,625
35.690811566,139.68894452,585
35.658685721999994,139.7109052,1727
35.702964126,139.61932754,1218
35.61624415600001,139.73455752,1148
35.652143604,139.69273926,683
35.704224356,139.75734584000003,705
35.589163606,139.7306394,243
35.643815229999994,139.74494224,676
35.6101679,139.55472318000002,1644
35.819747738000004,139.57184892,1472
35.659817585999996,139.7376882,903
35.704266796,139.70720274,1858
35.644776386000004,139.73168958,1484
35.737994502,139.72428796,1442
35.615654547999995,139.6996639,1506
35.630965652,139.74351461999998,1852
35.664649718,139.69284548000002,302
35.621382486,139.73908566,1261
35.682390229999996,139.80503574,617
35.65642157800001,139.54378133999998,1764
35.745315038,139.72340494,126
35.720309994000004,139.61448443999998,799
35.658747832,139.5730542,1513
35.68457152999999,139.72333065999996,1669
35.543765756,139.7086551,1637
35.675441023999994,139.69338194,745
35.691852998,139.71946692,1425
35.658137108,139.56646568000002,1664
35.688971736,139.70486414,332
35.685314666,139.68108082,1382
35.65786755,139.82945314,483
35.709054732,139.74414595999997,72
35.704891316,139.73238794,2192
35.737659942,139.72571336000001,124
35.736835536,139.65783732,872
35.730696906000006,139.7137457,1059
35.695177448,139.59961806,694
35.749564708,139.74041835999998,1198
35.706757192,139.76739809999998,1591
35.64760774,139.71692922,1483
35.69208604,139.71970786,1589
35.707425218000004,139.75051141999998,1732
35.734568173999996,139.72417902,1524
35.660460508,139.75175543999998,1138
35.667742655999994,139.69481716,1078
35.581175968000004,139.69601047999998,1660
35.696970968,139.76410112,1520
35.62543438,139.72221686,979
35.675540592,139.70174314,1229
35.550239876000006,139.67926322,226
35.668045064,139.69698374,1719
35.70040354,139.7145999,1533
35.681415414,139.72640846,539
35.662093383999995,139.69085604,2088
35.697160958000005,139.75854371999998,840
35.708864014,139.6376835,1981
35.754049857999995,139.73784596000002,19
35.730100586000006,139.71481275999997,1820
35.710258006000004,139.66169263999998,826
35.641810129999996,139.76108302000003,581
35.704581914,139.71524542,488
35.597562466,139.6991356,468
35.658356908,139.72158024,1365
35.694120238,139.77098886,2105
35.674943172,139.78804587999997,223
35.664577836,139.66113420000002,1495
35.640530330000004,139.6121623,348
35.644021984,139.6367793,1353
35.710347278,139.73970164,2222
35.709579440000006,139.733762,1300
35.696598748,139.77080985999999,1376
35.701428557999996,139.72698577999998,604
35.690562674,139.6852781,308
35.809642034,139.57869482,1052
35.668429832,139.7354703,385
35.68398635,139.72660295999998,1114
35.5819508,139.65976654000002,1186
35.716293556,139.80288368,1431
35.669109922000004,139.75205668,2136
35.639299103999996,139.68157716,2191
35.762417740000004,139.68669916,742
35.585892369999996,139.72909238,1146
35.716944921999996,139.6932117,1704
35.65570561,139.73764776,1344
35.69464868199999,139.48018380000002,1391
35.573205766,139.68315216000002,433
35.69527832599999,139.70212722,1654
35.670487534,139.69099850000003,1976
35.604750868,139.60550872000002,1276
35.726207503999994,139.79336288,1712
35.666827672000004,139.7337546,1194
35.631293126,139.7159833,1326
35.666718168,139.75022952,1688
35.620887432,139.75436867999997,1479
35.740180402,139.67802307999997,145
35.671622866,139.72619128,1094
35.648023558,139.76338986000002,2003
35.711282428,139.78396114,601
35.62618354800001,139.75317514,260
35.6469814,139.60827318,1373
35.646080544,139.7676521,924
35.669777154,139.69604548,1686
35.71504585,139.71555384,1857
35.749580026000004,139.80254138,1494
35.675821308,139.70321168,1777
35.726005864,139.69162174,1173
35.705858792,139.57201296,1129
35.667328894,139.72045903999998,536
35.703099074,139.54936864,1053
35.665234066,139.86213556,1935
35.705281642,139.64974048000002,1750
35.67354706,139.8275503,678
35.708737008,139.67075114,630
35.701523182,139.73877735999997,1990
35.698211078,139.69460578000002,1662
35.734332345999995,139.69294926,2175
35.664316678,139.73729698,1313
35.67267108,139.72389714,1709
35.662202666,139.70167742,1009
35.692030156,139.72877287999998,562
35.671000786,139.61283122,165
35.597328024,139.68837006,1825
35.7377374,139.75007058,1721
35.697267706,139.67993662,1037
35.685978088,139.75370226,1438
35.714218954,139.78564064000003,1843
35.594568788000004,139.6703475,809
35.700846905999995,139.5998356,1277
35.710517610000004,139.78023316000002,2097
35.687927619999996,139.71060721999999,2183
35.760034845999996,139.7934641,696
35.737871502000004,139.78877015999998,1181
35.71296074000001,139.7763775,1311
35.640854882,139.75258974,1914
35.68445089,139.76726344,1838
35.71353328,139.76405544,2253
35.68056872,139.76349116,1500
35.86265288,139.65297368,2025
35.70390355,139.68630888,2047
35.661070466,139.73851148,1140
35.520282174,139.67574746,1043
35.7002682,139.73156283999998,1385
35.700849624,139.5929509,1351
35.690989572,139.74220787999997,894
35.70971151599999,139.72424184,231
35.686307262,139.70363958000002,2185
35.602343778,139.73490971999996,561
35.714743564,139.7122975,1038
35.560625886000004,139.71307326000002,527
35.698091311999995,139.77456594,1170
35.661078058,139.75133702,926
35.611407611999994,139.57846954000001,1215
35.685930432,139.74249107999998,738
35.682446096,139.82936416,1566
35.698143384,139.77622308,876
35.743091626,139.71315552000002,137
35.605564006,139.6968685,907
35.70615929,139.76537218000004,2065
35.740125128,139.67709529999996,1345
35.662143072000006,139.7229007,1048
35.691138982,139.74932478,509
35.605559494,139.72402812,2038
35.766255614,139.71575434000002,765
35.694472522,139.7517832,803
35.662911698,139.76262716,1612
35.660037432,139.69459802,1769
35.682238913999996,139.6427062,1423
35.655240866,139.60919008,916
35.716479152,139.70591724,331
35.661072234,139.78131356,535
35.663927832,139.75886989999998,1167
35.655722780000005,139.64409784,2075
35.694271356,139.74295806,1966
35.676595734,139.71939418,1193
35.562701042,139.60732006,1355
35.69643619,139.75696858000003,2178
35.627800028,139.68504752,825
35.74795203,139.58443594,2045
35.572797436,139.71281249999998,918
35.699929651999994,139.75899228,714
35.758775518,139.70392655999999,1568
35.74129096,139.70517020000003,1414
35.686097578,139.75756456,1571
35.718909146,139.73538263999998,984
35.647414614,139.6426276,649
35.717586834,139.76971759999998,1804
35.681327464,139.61857234,1488
35.659280498,139.63540322,999
35.668669957999995,139.62062780000002,202
35.69624671,139.80771743999998,1724
35.658170956,139.75136849999998,639
35.671480474,139.65252121999998,1991
35.67014864400001,139.73354719999998,853
35.688254956,139.75950956,2063
35.690126985999996,139.70005306,873
35.701654322,139.73598072,2277
35.661530068000005,139.51108558,959
35.733193252,139.72285355999998,301
35.71739728600001,139.78631614,634
35.684945240000005,139.64420031999998,1262
35.674319376,139.6894163,1829
35.750027894,139.69289578,846
35.729976156,139.71205602,188
35.572468166,139.63778557999998,158
35.546453052000004,139.72534377999997,1232
35.701982568000005,139.73904611999995,57
35.828458716,139.60488528000002,2172
35.71908737599999,139.69980668,1409
